Date,Temperature_C,Humidity_Pct,Rainfall_mm,Day_of_Week,Is_Weekend,Season,Household_Type,Occupants,Past_Day_Consumption_Liters,Water_Consumption_Liters
01/01/2022,17.2,59.6,0.0,Saturday,1,Winter,  Apartment ,3,450.0,564.5
2022-01-02,19.5,52.4,0.0,Sunday,1,Winter,Apartment,2,564.5,360.4
2022-01-03,,,29.1,Monday,0,Winter,Apartment,2,360.4,281.3
2022-01-04,17.7,91.6,7.5,Tuesday,0,Winter,Apartment,3,281.3,381.2
2022-01-05,5.9,83.7,2.1,Wednesday,0,Winter,Apartment,4,381.2,500.1
2022-01-06,10.2,76.7,0.0,Thursday,0,Winter,Apartment,2,500.1,305.5
2022-01-07,12.9,65.5,0.0,Friday,0,Winter,Apartment,2,305.5,282.8
2022-01-08,19.0,47.7,0.0,Saturday,1,Winter,Villa,3,282.8,489.2
2022-01-09,15.4,67.7,0.0,Sunday,1,Winter,Apartment,1,489.2,237.6
2022-01-10,17.8,73.2,0.0,Monday,0,Winter,Apartment,3,237.6,379.9
2022-01-11,18.0,63.5,0.0,Tuesday,0,Winter,Apartment,1,379.9,193.0
2022-01-12,13.2,78.6,0.0,Wednesday,0,Winter,Villa,2,193.0,332.8
2022-01-13,16.5,60.8,0.0,Thursday,0,Winter,Villa,4,332.8,576.8
2022-01-14,18.7,61.1,0.0,Friday,0,Winter,Apartment,2,576.8,341.3
2022-01-15,16.3,49.6,0.0,Saturday,1,Winter,Apartment,1,341.3,209.0
16/01/2022,13.1,70.6,0.0,Sunday,1,Winter,Villa,5,209.0,760.1
2022-01-17,19.3,57.0,0.0,Monday,0,Winter,Apartment,1,760.1,278.6
2022-01-18,13.5,59.5,0.0,Tuesday,0,Winter,Villa,4,278.6,584.1
2022-01-19,8.6,63.0,0.0,Wednesday,0,Winter,Apartment,3,584.1,441.1
2022-01-20,12.4,40.0,2.3,Thursday,0,Winter,Apartment,3,441.1,436.8
2022-01-21,6.4,69.6,0.0,Friday,0,Winter,Apartment,1,436.8,209.3
2022-01-22,16.6,60.8,0.0,Saturday,1,Winter,Villa,6,209.3,855.0
2022-01-23,16.5,61.7,0.0,Sunday,1,Winter,Villa,4,855.0,757.0
2022-01-24,12.0,63.8,0.0,Monday,0,Winter,Apartment,3,757.0,518.2
2022-01-25,10.5,59.8,7.2,Tuesday,0,Winter,Villa,4,518.2,667.4
2022-01-26,17.7,52.2,0.0,Wednesday,0,Winter,Apartment,3,667.4,465.7
2022-01-27,11.5,62.0,0.0,Thursday,0,Winter,Villa,4,465.7,645.9
2022-01-28,12.6,65.0,0.0,Friday,0,Winter,Commercial,16,645.9,1201.8
2022-01-29,19.5,61.2,0.0,Saturday,1,Winter,Apartment,3,1201.8,639.8
2022-01-30,16.3,64.9,0.0,Sunday,1,Winter,Apartment,4,639.8,597.4
31/01/2022,17.9,73.9,0.0,Monday,0,Winter,Apartment,1,597.4,253.7
2022-02-01,9.5,80.0,0.0,Tuesday,0,Winter,Villa,2,253.7,388.0
2022-02-02,9.0,67.5,0.0,Wednesday,0,Winter,Villa,4,388.0,652.5
2022-02-03,23.5,53.2,0.0,Thursday,0,Winter,Apartment,2,652.5,359.5
2022-02-04,14.9,68.0,0.0,Friday,0,Winter,Apartment,1,359.5,240.3
2022-02-05,15.4,45.8,0.0,Saturday,1,Winter,Apartment,3,240.3,389.5
2022-02-06,14.9,65.3,0.0,Sunday,1,Winter,Villa,5,389.5,792.9
2022-02-07,14.7,53.1,0.0,Monday,0,Winter,Apartment,4,792.9,576.0
2022-02-08,9.0,48.4,0.0,Tuesday,0,Winter,Commercial,18,576.0,1309.2
2022-02-09,11.4,78.6,0.0,Wednesday,0,Winter,Villa,4,1309.2,869.0
2022-02-10,17.0,82.7,0.0,Thursday,0,Winter,Apartment,2,869.0,429.0
2022-02-11,32.3,56.0,0.0,Friday,0,Winter,Villa,5,429.0,838.8
2022-02-12,8.0,92.6,0.0,Saturday,1,Winter,Apartment,2,838.8,406.3
2022-02-13,16.6,56.7,13.8,Sunday,1,Winter,Apartment,4,406.3,534.3
2022-02-14,19.3,53.4,0.0,Monday,0,Winter,Commercial,11,534.3,891.3
15/02/2022,23.3,72.7,0.0,Tuesday,0,Winter,Apartment,2,891.3,446.6
2022-02-16,14.5,57.6,0.0,Wednesday,0,Winter,Villa,3,446.6,541.5
2022-02-17,18.9,45.5,0.0,Thursday,0,Winter,Apartment,2,541.5,331.9
2022-02-18,15.8,69.3,0.0,Friday,0,Winter,Villa,6,331.9,839.8
2022-02-19,23.3,47.6,0.0,Saturday,1,Winter,Apartment,2,839.8,422.0
2022-02-20,18.1,67.7,0.0,Sunday,1,Winter,Apartment,1,422.0,262.4
2022-02-21,8.6,62.9,0.0,Monday,0,Winter,Villa,3,262.4,488.7
2022-02-22,29.3,52.5,0.0,Tuesday,0,Winter,Villa,3,488.7,580.0
2022-02-23,13.3,65.7,0.0,Wednesday,0,Winter,Villa,2,580.0,457.7
2022-02-24,17.2,66.9,0.0,Thursday,0,Winter,Villa,3,457.7,523.1
2022-02-25,11.1,59.6,7.7,Friday,0,Winter,Apartment,2,523.1,310.5
2022-02-26,19.0,54.2,13.5,Saturday,1,Winter,Apartment,4,310.5,490.1
2022-02-27,21.0,63.6,0.0,Sunday,1,Winter,Apartment,4,490.1,552.4
2022-02-28,7.0,54.8,0.0,Monday,0,Winter,Apartment,2,552.4,18500.0
2022-03-01,26.6,67.4,0.0,Tuesday,0,Spring,Apartment,1,313.0,217.5
02/03/2022,30.9,50.6,0.0,Wednesday,0,Spring,Villa,2,217.5,391.0
2022-03-03,29.4,52.7,0.0,Thursday,0,Spring,Apartment,4,391.0,543.8
2022-03-04,16.9,56.1,0.0,Friday,0,Spring,Villa,5,543.8,829.3
2022-03-05,26.8,54.6,0.0,Saturday,1,Spring,Apartment,4,829.3,663.6
2022-03-06,22.9,59.5,34.5,Sunday,1,Spring,Apartment,1,663.6,292.0
2022-03-07,27.1,55.6,0.0,Monday,0,Spring,Villa,4,292.0,653.3
2022-03-08,26.4,,0.0,Tuesday,0,Spring,Commercial,11,653.3,871.0
2022-03-09,23.1,73.8,0.0,Wednesday,0,Spring,Villa,2,871.0,489.4
2022-03-10,28.8,65.6,0.0,Thursday,0,Spring,Apartment,4,489.4,572.8
2022-03-11,23.2,59.1,6.5,Friday,0,Spring,Commercial,22,572.8,1557.7
2022-03-12,22.9,50.0,0.0,Saturday,1,Spring,Commercial,7,1557.7,761.5
2022-03-13,29.4,34.1,0.0,Sunday,1,Spring,Apartment,2,761.5,469.3
2022-03-14,21.6,47.2,0.0,Monday,0,Spring,Apartment,3,469.3,427.2
2022-03-15,33.4,59.7,0.0,Tuesday,0,Spring,Apartment,2,427.2,354.7
2022-03-16,32.6,28.2,0.0,Wednesday,0,Spring,Apartment,2,354.7,341.4
17/03/2022,23.7,59.6,0.0,Thursday,0,Spring,Commercial,21,341.4,1426.3
2022-03-18,24.5,,0.0,Friday,0,Spring,Apartment,4,1426.3,777.6
2022-03-19,22.8,76.4,0.0,Saturday,1,Spring,Villa,6,777.6,1009.5
2022-03-20,23.6,36.9,0.0,Sunday,1,Spring,Commercial,17,1009.5,1273.4
2022-03-21,23.8,15.0,0.0,Monday,0,Spring,Apartment,1,1273.4,423.7
2022-03-22,34.3,68.6,0.0,Tuesday,0,Spring,Apartment,4,423.7,523.8
2022-03-23,22.1,64.5,0.0,Wednesday,0,Spring,Commercial,6,523.8,549.0
2022-03-24,29.8,30.1,0.0,Thursday,0,Spring,Apartment,3,549.0,485.3
2022-03-25,32.7,59.2,0.0,Friday,0,Spring,Apartment,1,485.3,273.0
2022-03-26,24.9,64.6,0.0,Saturday,1,Spring,Apartment,2,273.0,283.9
2022-03-27,30.4,55.2,0.0,Sunday,1,Spring,Apartment,3,283.9,417.4
2022-03-28,26.6,42.4,0.0,Monday,0,Spring,Apartment,3,417.4,431.6
2022-03-29,29.8,52.0,0.0,Tuesday,0,Spring,Villa,3,431.6,573.2
2022-03-30,21.3,51.2,1.0,Wednesday,0,Spring,Apartment,2,573.2,323.9
2022-03-31,19.8,58.7,0.0,Thursday,0,Spring,Apartment,3,323.9,368.5
01/04/2022,28.8,44.5,0.0,Friday,0,Spring,Apartment,3,368.5,443.6
2022-04-02,25.3,64.0,0.0,Saturday,1,Spring,Villa,3,443.6,560.0
2022-04-03,27.6,56.7,0.0,Sunday,1,Spring,Apartment,1,560.0,288.3
2022-04-04,29.1,41.3,0.0,Monday,0,Spring,Apartment,3,288.3,406.2
2022-04-05,20.2,51.0,0.0,Tuesday,0,Spring,  Apartment ,1,406.2,196.5
2022-04-06,15.5,78.7,0.0,Wednesday,0,Spring,Villa,3,196.5,446.3
2022-04-07,34.4,64.2,,Thursday,0,Spring,Apartment,1,446.3,298.3
2022-04-08,19.1,36.7,0.0,Friday,0,Spring,Villa,2,298.3,392.3
2022-04-09,24.1,28.4,0.0,Saturday,1,Spring,Apartment,2,392.3,337.8
2022-04-10,21.3,61.2,0.0,Sunday,1,Spring,VILLA,4,337.8,514.8
2022-04-11,25.0,60.4,0.0,Monday,0,Spring,Villa,3,514.8,600.7
2022-04-12,32.3,60.4,0.0,Tuesday,0,Spring,Apartment,3,600.7,490.4
2022-04-13,27.9,42.9,0.0,Wednesday,0,Spring,Villa,6,490.4,945.8
2022-04-14,25.0,65.5,0.0,Thursday,0,Spring,Apartment,1,945.8,322.2
2022-04-15,29.5,44.5,0.0,Friday,0,Spring,Villa,2,322.2,416.7
16/04/2022,20.4,74.1,0.0,Saturday,1,Spring,Villa,5,416.7,799.5
2022-04-17,25.8,55.5,,Sunday,1,Spring,Apartment,4,799.5,659.9
2022-04-18,27.2,62.4,0.0,Monday,0,Spring,Apartment,3,659.9,505.7
2022-04-19,26.3,78.9,0.0,Tuesday,0,Spring,Villa,2,505.7,439.1
2022-04-20,33.6,54.8,0.0,Wednesday,0,Spring,Apartment,3,439.1,475.3
2022-04-21,17.9,60.9,0.0,Thursday,0,Spring,Apartment,2,475.3,280.1
2022-04-22,31.4,64.4,0.0,Friday,0,Spring,  Apartment ,3,280.1,404.0
2022-04-23,27.8,80.0,0.0,Saturday,1,Spring,Villa,2,404.0,436.9
2022-04-24,,76.1,0.0,Sunday,1,Spring,Apartment,2,436.9,345.2
2022-04-25,14.9,71.2,0.0,Monday,0,Spring,Villa,6,345.2,848.7
2022-04-26,38.4,61.3,7.3,Tuesday,0,Spring,Villa,3,848.7,685.2
2022-04-27,21.5,42.8,0.0,Wednesday,0,Spring,Commercial,10,685.2,815.0
2022-04-28,18.5,70.0,0.0,Thursday,0,Spring,Apartment,2,815.0,18500.0
2022-04-29,24.1,56.3,0.0,Friday,0,Spring,Commercial,8,379.2,617.6
2022-04-30,30.9,42.8,0.0,Saturday,1,Spring,Villa,2,617.6,515.7
01/05/2022,25.3,67.9,0.0,Sunday,1,Spring,Apartment,1,515.7,257.9
2022-05-02,28.0,58.3,0.0,Monday,0,Spring,Apartment,2,257.9,319.8
2022-05-03,24.0,63.4,0.0,Tuesday,0,Spring,Villa,2,319.8,382.3
2022-05-04,25.4,52.4,0.0,Wednesday,0,Spring,Apartment,1,382.3,218.9
2022-05-05,24.0,64.2,0.0,Thursday,0,Spring,Villa,5,218.9,726.4
2022-05-06,18.3,59.9,0.0,Friday,0,Spring,Villa,6,726.4,970.1
2022-05-07,22.4,46.2,0.0,Saturday,1,Spring,Apartment,3,970.1,578.0
2022-05-08,24.4,48.6,5.1,Sunday,1,Spring,Villa,3,578.0,579.7
2022-05-09,29.7,39.2,0.0,Monday,0,Spring,Apartment,1,579.7,306.0
2022-05-10,15.7,58.4,0.0,Tuesday,0,Spring,Commercial,14,306.0,975.8
2022-05-11,28.7,36.1,0.0,Wednesday,0,Spring,Apartment,4,975.8,703.9
2022-05-12,15.2,53.6,0.0,Thursday,0,Spring,Villa,2,703.9,465.5
2022-05-13,22.6,62.8,0.0,Friday,0,Spring,Apartment,2,465.5,344.5
2022-05-14,26.9,50.2,0.0,Saturday,1,Spring,Apartment,2,344.5,319.7
2022-05-15,17.5,82.2,0.0,Sunday,1,Spring,Villa,5,319.7,785.0
16/05/2022,22.7,52.9,0.0,Monday,0,Spring,Apartment,4,785.0,603.0
2022-05-17,15.6,82.9,0.0,Tuesday,0,Spring,Commercial,16,603.0,1201.7
2022-05-18,24.9,51.1,2.5,Wednesday,0,Spring,Apartment,1,1201.7,439.8
2022-05-19,18.9,54.3,0.0,Thursday,0,Spring,Apartment,2,439.8,289.3
2022-05-20,25.5,35.1,0.0,Friday,0,Spring,Villa,3,289.3,519.8
2022-05-21,22.5,60.8,0.0,Saturday,1,Spring,Apartment,3,519.8,466.9
2022-05-22,29.4,71.4,0.0,Sunday,1,Spring,Commercial,18,466.9,1242.2
2022-05-23,23.4,58.6,0.0,Monday,0,Spring,Apartment,1,1242.2,414.7
2022-05-24,30.4,53.4,0.0,Tuesday,0,Spring, villa ,19,414.7,1377.3
2022-05-25,17.1,59.8,0.0,Wednesday,0,Spring,Apartment,4,1377.3,749.2
2022-05-26,22.0,37.1,0.0,Thursday,0,Spring, villa ,1,749.2,306.5
2022-05-27,20.3,37.4,0.0,Friday,0,Spring,Villa,2,306.5,390.1
2022-05-28,22.5,64.6,0.0,Saturday,1,Spring,Villa,4,390.1,684.3
2022-05-29,29.4,44.3,0.0,Sunday,1,Spring,Villa,2,684.3,510.6
2022-05-30,24.0,68.6,0.0,Monday,0,Spring,Villa,6,510.6,920.2
31/05/2022,28.8,57.5,0.0,Tuesday,0,Spring,Apartment,3,920.2,561.6
2022-06-01,34.5,43.6,0.0,Wednesday,0,Summer,Commercial,11,561.6,918.4
2022-06-02,36.0,43.6,0.0,Thursday,0,Summer,Commercial,22,918.4,1738.3
2022-06-03,21.8,73.7,6.6,Friday,0,Summer,Apartment,3,1738.3,761.7
2022-06-04,29.3,66.9,0.0,Saturday,1,Summer,Apartment,3,761.7,559.2
2022-06-05,40.2,57.6,0.0,Sunday,1,Summer,Apartment,4,559.2,675.1
2022-06-06,34.4,60.3,0.0,Monday,0,Summer,Villa,5,675.1,889.4
2022-06-07,31.5,30.5,0.0,Tuesday,0,Summer,Apartment,3,889.4,582.6
2022-06-08,41.1,35.8,0.0,Wednesday,0,Summer,Apartment,2,582.6,455.5
2022-06-09,32.0,57.4,0.0,Thursday,0,Summer,Commercial,19,455.5,1416.3
2022-06-10,25.3,40.3,0.0,Friday,0,Summer,Apartment,2,1416.3,561.0
2022-06-11,37.6,48.2,0.0,Saturday,1,Summer,Villa,6,561.0,1024.2
2022-06-12,33.3,40.4,0.0,Sunday,1,Summer,Apartment,3,1024.2,613.0
2022-06-13,34.3,41.3,0.0,Monday,0,Summer,Villa,6,613.0,983.3
2022-06-14,40.4,35.8,0.0,Tuesday,0,Summer,Apartment,4,983.3,780.7
15/06/2022,31.0,23.2,,Wednesday,0,Summer,Apartment,3,780.7,527.0
2022-06-16,36.4,58.8,0.0,Thursday,0,Summer,Apartment,4,527.0,602.9
2022-06-17,34.5,54.0,0.0,Friday,0,Summer,Villa,6,602.9,992.9
2022-06-18,33.9,62.1,0.0,Saturday,1,Summer,Villa,3,992.9,786.9
2022-06-19,37.7,58.1,0.0,Sunday,1,Summer,Apartment,4,786.9,706.9
2022-06-20,38.2,49.5,0.0,Monday,0,Summer,Villa,4,706.9,802.2
2022-06-21,31.2,52.4,0.0,Tuesday,0,Summer,Apartment,3,802.2,546.1
2022-06-22,33.2,50.2,0.0,Wednesday,0,Summer,Villa,3,546.1,619.6
2022-06-23,35.8,43.6,0.0,Thursday,0,Summer,Villa,2,619.6,523.0
2022-06-24,29.5,53.2,0.0,Friday,0,Summer,Apartment,1,523.0,263.2
2022-06-25,35.0,50.0,0.0,Saturday,1,Summer,Apartment,4,263.2,588.8
2022-06-26,36.5,37.3,0.0,Sunday,1,Summer,Apartment,4,588.8,645.8
2022-06-27,32.2,44.9,0.0,Monday,0,Summer,Apartment,2,645.8,416.7
2022-06-28,43.1,31.6,0.0,Tuesday,0,Summer,Apartment,1,416.7,336.4
2022-06-29,33.7,41.4,0.0,Wednesday,0,Summer,Commercial,21,336.4,1527.3
30/06/2022,39.8,44.4,0.0,Thursday,0,Summer,Villa,5,1527.3,1106.5
2022-07-01,37.9,52.5,0.0,Friday,0,Summer,Villa,4,1106.5,893.2
2022-07-02,38.0,42.1,0.0,Saturday,1,Summer,Apartment,4,893.2,740.0
2022-07-03,37.1,31.4,0.0,Sunday,1,Summer,Apartment,1,740.0,432.3
2022-07-04,35.5,52.0,0.0,Monday,0,Summer,Villa,5,432.3,844.1
2022-07-05,32.8,68.4,6.5,Tuesday,0,Summer,Apartment,4,844.1,695.9
2022-07-06,34.6,39.2,0.0,Wednesday,0,Summer,VILLA,4,695.9,811.4
2022-07-07,32.3,53.1,0.0,Thursday,0,Summer,Villa,2,811.4,552.4
2022-07-08,35.7,52.2,5.2,Friday,0,Summer,Apartment,1,552.4,308.9
2022-07-09,29.9,50.9,0.0,Saturday,1,Summer,Apartment,4,308.9,540.1
2022-07-10,30.1,51.4,0.0,Sunday,1,Summer,Apartment,4,540.1,580.6
2022-07-11,29.0,62.8,8.9,Monday,0,Summer,Commercial,7,580.6,641.6
2022-07-12,34.9,57.6,0.0,Tuesday,0,Summer,Villa,2,641.6,536.8
2022-07-13,35.8,57.1,0.0,Wednesday,0,Summer,Villa,4,536.8,753.5
2022-07-14,34.5,58.8,0.0,Thursday,0,Summer,Apartment,3,753.5,583.5
15/07/2022,31.9,70.2,0.0,Friday,0,Summer,Villa,4,583.5,754.4
2022-07-16,36.4,39.0,0.0,Saturday,1,Summer,Apartment,2,754.4,496.4
2022-07-17,25.0,44.9,0.0,Sunday,1,Summer,Apartment,2,496.4,367.3
2022-07-18,38.9,42.5,0.0,Monday,0,Summer,Villa,5,367.3,859.9
2022-07-19,37.4,45.4,0.0,Tuesday,0,Summer,Apartment,1,859.9,419.8
2022-07-20,41.6,36.2,0.0,Wednesday,0,Summer,Villa,3,419.8,631.9
2022-07-21,39.1,28.4,0.0,Thursday,0,Summer,Villa,2,631.9,514.2
2022-07-22,35.8,38.1,0.0,Friday,0,Summer,Apartment,4,514.2,605.0
2022-07-23,23.5,47.7,0.0,Saturday,1,Summer,Apartment,1,605.0,283.7
2022-07-24,37.5,15.0,0.0,Sunday,1,Summer,Villa,2,283.7,480.1
2022-07-25,33.6,57.8,0.0,Monday,0,Summer,Villa,5,480.1,814.9
2022-07-26,33.8,53.7,0.0,Tuesday,0,Summer,Apartment,2,814.9,453.1
2022-07-27,25.2,44.2,0.0,Wednesday,0,Summer,Villa,5,453.1,797.3
2022-07-28,30.2,57.1,0.0,Thursday,0,Summer,Apartment,1,797.3,349.8
2022-07-29,24.3,64.0,0.0,Friday,0,Summer,Villa,5,349.8,776.9
30/07/2022,31.7,50.2,0.0,Saturday,1,Summer,Apartment,1,776.9,366.5
2022-07-31,29.3,49.2,0.0,Sunday,1,Summer,Apartment,2,366.5,364.2
2022-08-01,31.8,20.1,0.0,Monday,0,Summer,Apartment,1,364.2,256.7
2022-08-02,35.6,58.5,0.0,Tuesday,0,Summer,Villa,5,256.7,738.9
2022-08-03,30.7,56.5,0.0,Wednesday,0,Summer,Villa,6,738.9,1027.2
2022-08-04,33.3,55.0,0.0,Thursday,0,Summer,Commercial,14,1027.2,1201.2
2022-08-05,34.8,49.1,0.0,Friday,0,Summer,Apartment,1,1201.2,484.0
2022-08-06,39.3,51.2,0.0,Saturday,1,Summer,Villa,3,484.0,632.0
2022-08-07,29.5,46.1,0.0,Sunday,1,Summer,Apartment,1,632.0,340.4
2022-08-08,32.9,52.8,0.0,Monday,0,Summer,Villa,6,340.4,944.6
2022-08-09,38.1,42.9,0.0,Tuesday,0,Summer,Apartment,1,944.6,413.0
2022-08-10,34.6,45.3,0.0,Wednesday,0,Summer,Apartment,3,413.0,468.5
2022-08-11,24.9,67.9,0.0,Thursday,0,Summer,Villa,2,468.5,426.6
2022-08-12,33.8,33.7,0.0,Friday,0,Summer,Villa,2,426.6,470.8
2022-08-13,38.4,40.4,0.0,Saturday,1,Summer,Apartment,1,470.8,326.9
14/08/2022,28.7,50.3,0.0,Sunday,1,Summer,Apartment,2,326.9,313.6
2022-08-15,32.9,53.4,0.0,Monday,0,Summer,Apartment,1,313.6,207.5
2022-08-16,33.6,52.8,0.0,Tuesday,0,Summer,Villa,6,207.5,869.1
2022-08-17,34.8,63.9,7.5,Wednesday,0,Summer,Villa,2,869.1,541.7
2022-08-18,34.3,51.5,0.0,Thursday,0,Summer,Apartment,1,541.7,303.7
2022-08-19,26.8,58.8,0.0,Friday,0,Summer,Apartment,3,303.7,394.9
2022-08-20,39.2,31.6,8.1,Saturday,1,Summer,Apartment,4,394.9,615.0
2022-08-21,30.8,42.4,0.0,Sunday,1,Summer,Apartment,1,615.0,327.5
2022-08-22,35.2,27.4,0.0,Monday,0,Summer,Villa,5,327.5,813.7
2022-08-23,42.2,31.3,7.8,Tuesday,0,Summer,Apartment,2,813.7,496.3
2022-08-24,31.4,48.9,0.0,Wednesday,0,Summer,Apartment,1,496.3,290.6
2022-08-25,39.5,62.9,0.0,Thursday,0,Summer,Apartment,2,290.6,350.7
2022-08-26,34.7,42.0,0.0,Friday,0,Summer,Villa,3,350.7,558.1
2022-08-27,41.5,35.1,0.0,Saturday,1,Summer,Commercial,18,558.1,1311.3
2022-08-28,31.6,30.2,0.7,Sunday,1,Summer,Villa,4,1311.3,949.9
29/08/2022,26.4,38.8,0.0,Monday,0,Summer,Villa,6,949.9,1026.0
2022-08-30,34.2,40.2,0.0,Tuesday,0,Summer,Villa,3,1026.0,749.1
2022-08-31,29.1,60.5,0.0,Wednesday,0,Summer,Apartment,2,749.1,454.4
2022-09-01,25.9,45.8,0.0,Thursday,0,Autumn,Commercial,17,454.4,1228.8
2022-09-02,29.9,59.4,0.0,Friday,0,Autumn,Apartment,2,1228.8,576.7
2022-09-03,22.6,72.7,0.0,Saturday,1,Autumn,Commercial,17,576.7,1132.6
2022-09-04,20.6,68.0,0.0,Sunday,1,Autumn,Apartment,2,1132.6,515.4
2022-09-05,22.6,58.5,0.0,Monday,0,Autumn,Commercial ,5,515.4,789.8
2022-09-06,19.2,49.0,0.0,Tuesday,0,Autumn,Apartment,3,789.8,502.3
2022-09-07,16.8,55.0,0.0,Wednesday,0,Autumn,Villa,4,502.3,681.0
2022-09-08,25.6,71.3,0.0,Thursday,0,Autumn,Apartment,4,681.0,585.1
2022-09-09,29.2,58.4,0.0,Friday,0,Autumn,Apartment,1,585.1,293.7
2022-09-10,27.2,54.7,0.0,Saturday,1,Autumn,VILLA,1,293.7,225.8
2022-09-11,27.7,69.5,5.6,Sunday,1,Autumn,Apartment,1,225.8,221.7
2022-09-12,20.4,62.9,0.0,Monday,0,Autumn,Apartment,3,221.7,360.2
13/09/2022,26.4,53.0,0.0,Tuesday,0,Autumn,Apartment,2,360.2,322.7
2022-09-14,27.3,47.7,0.1,Wednesday,0,Autumn,Villa,4,322.7,667.4
2022-09-15,14.9,56.3,0.0,Thursday,0,Autumn,Villa,2,667.4,456.8
2022-09-16,18.5,57.1,12.2,Friday,0,Autumn,Apartment,3,456.8,411.0
2022-09-17,24.8,57.1,0.0,Saturday,1,Autumn,Villa,5,411.0,803.3
2022-09-18,26.2,41.7,0.0,Sunday,1,Autumn,Villa,6,803.3,1026.0
2022-09-19,28.5,46.2,0.0,Monday,0,Autumn,Villa,6,1026.0,1047.6
2022-09-20,25.9,53.1,0.0,Tuesday,0,Autumn,Apartment,1,1047.6,372.2
2022-09-21,,36.6,2.2,Wednesday,0,Autumn,Commercial,22,372.2,1524.9
2022-09-22,17.8,51.6,0.0,Thursday,0,Autumn,Apartment,4,1524.9,785.7
2022-09-23,19.8,53.8,0.0,Friday,0,Autumn,Apartment,1,785.7,281.7
2022-09-24,28.6,56.0,0.0,Saturday,1,Autumn,Commercial,21,281.7,1385.2
2022-09-25,19.0,40.6,0.0,Sunday,1,Autumn,Apartment,4,1385.2,770.2
2022-09-26,26.6,59.8,0.0,Monday,0,Autumn,Apartment,2,770.2,441.1
2022-09-27,31.0,50.6,0.0,Tuesday,0,Autumn,Villa,2,441.1,441.5
28/09/2022,,57.1,11.0,Wednesday,0,Autumn,Villa,4,441.5,598.0
2022-09-29,19.6,73.7,0.0,Thursday,0,Autumn,Apartment,3,598.0,441.4
2022-09-30,29.6,24.9,0.0,Friday,0,Autumn,Apartment,2,441.4,360.8
2022-10-01,29.9,36.0,0.0,Saturday,1,Autumn,Villa,2,360.8,446.7
2022-10-02,26.1,80.1,27.7,Sunday,1,Autumn,Villa,5,446.7,766.5
2022-10-03,23.7,66.0,0.0,Monday,0,Autumn, villa ,3,766.5,620.2
2022-10-04,22.4,47.0,0.0,Tuesday,0,Autumn,Apartment,1,620.2,273.5
2022-10-05,14.4,50.1,0.0,Wednesday,0,Autumn,Commercial,16,273.5,1095.2
2022-10-06,24.9,53.1,0.0,Thursday,0,Autumn,Apartment,4,1095.2,706.6
2022-10-07,22.4,60.7,0.0,Friday,0,Autumn,Apartment,2,706.6,351.1
2022-10-08,26.2,62.9,0.0,Saturday,1,Autumn,Villa,4,351.1,695.5
2022-10-09,20.4,62.2,0.0,Sunday,1,Autumn,Apartment,1,695.5,270.5
2022-10-10,27.7,59.8,0.0,Monday,0,Autumn,Apartment,4,270.5,482.7
2022-10-11,16.0,71.8,0.0,Tuesday,0,Autumn,Apartment,3,482.7,439.8
2022-10-12,27.4,57.7,0.0,Wednesday,0,Autumn,Villa,3,439.8,580.9
13/10/2022,25.1,61.4,1.7,Thursday,0,Autumn,Villa,3,580.9,582.8
2022-10-14,25.2,38.1,0.0,Friday,0,Autumn,Villa,4,582.8,684.2
2022-10-15,30.7,70.1,0.0,Saturday,1,Autumn,Villa,5,684.2,947.7
2022-10-16,20.5,66.4,0.0,Sunday,1,Autumn,Apartment,3,947.7,578.3
2022-10-17,26.1,56.9,0.0,Monday,0,Autumn,Apartment,4,578.3,509.4
2022-10-18,26.7,57.7,0.0,Tuesday,0,Autumn,Apartment,1,509.4,243.8
2022-10-19,18.7,71.8,0.0,Wednesday,0,Autumn,Villa,6,243.8,837.1
2022-10-20,30.9,74.3,0.0,Thursday,0,Autumn,Villa,3,837.1,702.5
2022-10-21,31.0,38.3,0.0,Friday,0,Autumn,Villa,3,702.5,647.3
2022-10-22,28.3,60.6,0.0,Saturday,1,Autumn,Apartment,4,647.3,630.1
2022-10-23,21.4,50.2,12.9,Sunday,1,Autumn,Villa,2,630.1,427.2
2022-10-24,24.9,,0.0,Monday,0,Autumn,Villa,4,427.2,676.8
2022-10-25,27.9,56.9,0.0,Tuesday,0,Autumn,Villa,6,676.8,979.8
2022-10-26,25.9,56.6,0.0,Wednesday,0,Autumn,Apartment,3,979.8,586.5
2022-10-27,23.1,52.1,0.0,Thursday,0,Autumn,Apartment,1,586.5,260.6
28/10/2022,28.1,69.7,18.7,Friday,0,Autumn,Commercial,8,260.6,600.0
2022-10-29,26.1,42.1,0.0,Saturday,1,Autumn,  Apartment ,5,600.0,862.5
2022-10-30,19.7,47.8,0.0,Sunday,1,Autumn,Commercial,20,862.5,1408.7
2022-10-31,31.1,43.8,19.0,Monday,0,Autumn,Apartment,4,1408.7,801.1
2022-11-01,28.8,43.2,2.2,Tuesday,0,Autumn,Villa,4,801.1,769.7
2022-11-02,26.3,35.2,0.0,Wednesday,0,Autumn,Commercial,22,769.7,1620.0
2022-11-03,26.0,45.8,0.0,Thursday,0,Autumn,Apartment,3,1620.0,729.7
2022-11-04,25.6,44.8,0.0,Friday,0,Autumn,Apartment,2,729.7,396.6
2022-11-05,25.2,47.8,0.0,Saturday,1,Autumn,Commercial,6,396.6,438.9
2022-11-06,13.7,66.9,0.0,Sunday,1,Autumn,Apartment,2,438.9,364.2
2022-11-07,18.3,59.7,0.0,Monday,0,Autumn,Villa,3,364.2,541.2
2022-11-08,22.8,68.1,3.5,Tuesday,0,Autumn,Commercial,23,541.2,1599.2
2022-11-09,21.2,65.3,1.4,Wednesday,0,Autumn,Apartment,2,1599.2,608.7
2022-11-10,20.2,52.8,0.0,Thursday,0,Autumn,Villa,5,608.7,800.5
2022-11-11,23.7,47.2,0.0,Friday,0,Autumn,Apartment,4,800.5,604.2
12/11/2022,29.4,25.0,4.7,Saturday,1,Autumn,Apartment,4,604.2,599.9
2022-11-13,15.8,64.8,0.0,Sunday,1,Autumn,Villa,6,599.9,975.9
2022-11-14,17.8,27.7,0.0,Monday,0,Autumn,Apartment,4,975.9,668.1
2022-11-15,22.5,52.2,0.0,Tuesday,0,Autumn,Villa,5,668.1,820.3
2022-11-16,28.2,42.1,0.0,Wednesday,0,Autumn,Apartment,1,820.3,357.4
2022-11-17,29.2,68.9,17.1,Thursday,0,Autumn,Apartment,3,357.4,435.1
2022-11-18,20.5,52.6,0.0,Friday,0,Autumn,Commercial,13,435.1,961.1
2022-11-19,24.8,71.0,0.0,Saturday,1,Autumn,Apartment,3,961.1,588.7
2022-11-20,27.3,39.8,0.0,Sunday,1,Autumn,Villa,3,588.7,604.9
2022-11-21,21.9,53.8,10.2,Monday,0,Autumn,Apartment,2,604.9,341.8
2022-11-22,14.9,72.3,0.0,Tuesday,0,Autumn,Apartment,1,341.8,209.3
2022-11-23,25.9,58.8,0.0,Wednesday,0,Autumn,Apartment,1,209.3,151.5
2022-11-24,29.3,45.9,0.0,Thursday,0,Autumn,Villa,5,151.5,738.1
2022-11-25,23.0,49.5,0.0,Friday,0,Autumn,Apartment,3,738.1,511.6
2022-11-26,18.1,69.2,0.0,Saturday,1,Autumn,Apartment,1,511.6,267.4
27/11/2022,22.3,43.5,0.0,Sunday,1,Autumn,Apartment,1,267.4,156.7
2022-11-28,27.8,46.3,0.0,Monday,0,Autumn,Commercial,20,156.7,1354.4
2022-11-29,26.4,64.5,0.0,Tuesday,0,Autumn,Commercial,18,1354.4,1504.4
2022-11-30,28.9,45.5,0.0,Wednesday,0,Autumn,Apartment,2,1504.4,626.7
2022-12-01,7.3,75.5,0.0,Thursday,0,Winter,Apartment,1,626.7,276.8
2022-12-02,11.1,71.2,0.0,Friday,0,Winter,Villa,6,276.8,866.1
2022-12-03,12.7,74.4,0.0,Saturday,1,Winter,Apartment,2,866.1,446.5
2022-12-04,20.2,47.7,19.2,Sunday,1,Winter,Villa,2,446.5,409.2
2022-12-05,10.0,65.7,0.0,Monday,0,Winter,Apartment,2,409.2,333.8
2022-12-06,20.9,77.9,0.0,Tuesday,0,Winter,Apartment,4,333.8,501.8
2022-12-07,18.3,52.3,0.0,Wednesday,0,Winter,Apartment,4,501.8,557.1
2022-12-08,17.8,88.3,2.3,Thursday,0,Winter,Apartment,4,557.1,546.2
2022-12-09,18.6,62.6,0.0,Friday,0,Winter,Apartment,1,546.2,233.8
2022-12-10,5.7,75.9,0.0,Saturday,1,Winter,Apartment,1,233.8,163.6
2022-12-11,20.2,60.3,14.3,Sunday,1,Winter,Villa,2,163.6,353.7
12/12/2022,12.4,70.8,0.0,Monday,0,Winter,Commercial,13,353.7,979.8
2022-12-13,12.4,75.3,0.0,Tuesday,0,Winter,Apartment,3,979.8,568.1
2022-12-14,15.1,85.7,0.0,Wednesday,0,Winter,Apartment,2,568.1,343.4
2022-12-15,13.3,50.8,0.0,Thursday,0,Winter,Villa,6,343.4,880.5
2022-12-16,21.9,68.5,0.0,Friday,0,Winter,Villa,2,880.5,511.1
2022-12-17,12.8,66.5,0.0,Saturday,1,Winter,Apartment,3,511.1,451.0
2022-12-18,17.6,73.8,0.0,Sunday,1,Winter,Apartment,3,451.0,453.4
2022-12-19,21.8,51.6,0.7,Monday,0,Winter,Apartment,3,453.4,449.2
2022-12-20,10.2,76.5,0.0,Tuesday,0,Winter,Apartment,3,449.2,421.5
2022-12-21,15.9,71.4,0.0,Wednesday,0,Winter,Villa,4,421.5,649.9
2022-12-22,22.6,63.6,0.0,Thursday,0,Winter,Apartment,3,649.9,485.6
2022-12-23,12.5,,0.0,Friday,0,Winter,Villa,2,485.6,437.5
2022-12-24,20.8,64.0,0.0,Saturday,1,Winter,Villa,2,437.5,451.6
2022-12-25,19.5,51.4,0.0,Sunday,1,Winter,Villa,4,451.6,719.3
2022-12-26,8.8,63.7,0.0,Monday,0,Winter,Apartment,3,719.3,487.8
27/12/2022,22.1,66.6,0.0,Tuesday,0,Winter,Apartment,4,487.8,535.7
2022-12-28,10.4,64.9,0.0,Wednesday,0,Winter,Apartment,3,535.7,445.4
2022-12-29,12.5,62.5,0.0,Thursday,0,Winter,Apartment,2,445.4,315.8
2022-12-30,20.4,62.0,0.0,Friday,0,Winter,Apartment,1,315.8,201.0
2022-12-31,14.8,49.4,5.6,Saturday,1,Winter,Commercial,8,201.0,474.2
2023-01-01,14.3,61.8,0.0,Sunday,1,Winter,Apartment,1,474.2,259.3
2023-01-02,6.9,65.2,0.0,Monday,0,Winter,Apartment,2,259.3,258.8
2023-01-03,4.7,72.7,0.0,Tuesday,0,Winter,Apartment,3,258.8,368.2
2023-01-04,14.5,68.8,0.0,Wednesday,0,Winter,Apartment,4,368.2,496.7
2023-01-05,,46.4,,Thursday,0,Winter,Villa,4,496.7,667.1
2023-01-06,10.2,56.3,0.0,Friday,0,Winter,Apartment,2,667.1,349.2
2023-01-07,18.4,62.4,0.0,Saturday,1,Winter,Villa,6,349.2,917.0
2023-01-08,24.3,44.5,0.0,Sunday,1,Winter,Apartment,1,917.0,351.9
2023-01-09,19.8,72.0,0.0,Monday,0,Winter,Villa,5,351.9,737.3
2023-01-10,17.0,70.5,0.0,Tuesday,0,Winter,Apartment,3,737.3,492.6
11/01/2023,17.1,74.3,0.0,Wednesday,0,Winter,Villa,5,492.6,785.7
2023-01-12,15.7,57.7,0.0,Thursday,0,Winter,Apartment,2,785.7,396.7
2023-01-13,9.7,67.1,0.0,Friday,0,Winter,Villa,3,396.7,527.0
2023-01-14,29.6,36.3,0.0,Saturday,1,Winter,Apartment,3,527.0,460.6
2023-01-15,29.1,64.4,0.0,Sunday,1,Winter,Apartment,3,460.6,483.9
2023-01-16,21.8,77.9,0.0,Monday,0,Winter,Apartment,3,483.9,445.7
2023-01-17,14.1,62.1,0.0,Tuesday,0,Winter,Villa,3,445.7,550.2
2023-01-18,23.8,53.1,0.0,Wednesday,0,Winter,Villa,3,550.2,592.8
2023-01-19,20.9,,0.0,Thursday,0,Winter,Apartment,2,592.8,369.0
2023-01-20,19.3,65.7,0.0,Friday,0,Winter,Apartment,1,369.0,215.3
2023-01-21,8.5,70.3,0.0,Saturday,1,Winter, villa ,3,215.3,386.4
2023-01-22,11.3,65.7,0.0,Sunday,1,Winter,Apartment,2,386.4,333.8
2023-01-23,6.6,82.8,0.0,Monday,0,Winter,Apartment,3,333.8,421.0
2023-01-24,6.5,72.4,5.6,Tuesday,0,Winter,Villa,5,421.0,759.4
2023-01-25,11.6,52.5,0.0,Wednesday,0,Winter,Apartment,3,759.4,505.1
26/01/2023,14.3,72.0,0.0,Thursday,0,Winter,Apartment,1,505.1,230.6
2023-01-27,20.4,53.8,0.0,Friday,0,Winter,Apartment,3,230.6,336.5
2023-01-28,2.0,75.6,0.0,Saturday,1,Winter,Villa,5,336.5,778.8
2023-01-29,25.0,36.2,0.0,Sunday,1,Winter,Apartment,2,778.8,434.1
2023-01-30,9.8,67.9,0.0,Monday,0,Winter,Apartment,3,434.1,422.3
2023-01-31,18.7,52.2,0.0,Tuesday,0,Winter,Apartment,1,422.3,179.1
2023-02-01,13.5,66.0,0.0,Wednesday,0,Winter,Apartment,1,179.1,149.4
2023-02-02,,69.3,0.0,Thursday,0,Winter,Commercial,23,149.4,1536.2
2023-02-03,14.0,72.9,0.0,Friday,0,Winter,Apartment,2,1536.2,588.0
2023-02-04,12.5,54.9,0.0,Saturday,1,Winter,Villa,6,588.0,961.4
2023-02-05,15.4,65.0,0.0,Sunday,1,Winter,Apartment,3,961.4,570.3
2023-02-06,10.6,78.3,0.0,Monday,0,Winter,Apartment,4,570.3,542.0
2023-02-07,8.7,51.1,11.7,Tuesday,0,Winter,Apartment,1,542.0,265.9
2023-02-08,12.2,76.4,0.0,Wednesday,0,Winter,Villa,5,265.9,721.4
2023-02-09,19.4,78.7,0.0,Thursday,0,Winter,Apartment,3,721.4,490.8
10/02/2023,12.4,61.0,0.0,Friday,0,Winter,Apartment,3,490.8,461.8
2023-02-11,12.6,63.0,0.0,Saturday,1,Winter,Apartment,4,461.8,552.1
2023-02-12,12.1,68.8,0.0,Sunday,1,Winter,Villa,3,552.1,581.7
2023-02-13,18.0,57.3,0.0,Monday,0,Winter,Villa,2,581.7,446.6
2023-02-14,17.5,46.9,0.0,Tuesday,0,Winter,Villa,5,446.6,792.5
2023-02-15,13.9,66.2,0.0,Wednesday,0,Winter,Apartment,1,792.5,321.8
2023-02-16,11.3,73.5,0.0,Thursday,0,Winter,Villa,6,321.8,839.1
2023-02-17,15.7,63.0,0.0,Friday,0,Winter,Apartment,3,839.1,520.2
2023-02-18,20.2,47.6,0.0,Saturday,1,Winter,Villa,6,520.2,925.1
2023-02-19,11.7,,0.0,Sunday,1,Winter,Villa,5,925.1,918.7
2023-02-20,16.0,47.0,0.0,Monday,0,Winter,Apartment,2,918.7,421.1
2023-02-21,12.9,75.0,0.0,Tuesday,0,Winter,Commercial,12,421.1,860.4
2023-02-22,22.1,43.3,0.0,Wednesday,0,Winter,Commercial,19,860.4,1455.6
2023-02-23,15.7,57.8,0.0,Thursday,0,Winter,Commercial,24,1455.6,1892.4
2023-02-24,24.4,36.2,0.0,Friday,0,Winter,Villa,6,1892.4,1268.9
25/02/2023,17.9,62.9,0.0,Saturday,1,Winter,Apartment,2,1268.9,535.8
2023-02-26,14.6,60.9,0.0,Sunday,1,Winter,Apartment,1,535.8,239.3
2023-02-27,4.3,78.7,0.0,Monday,0,Winter,Apartment,4,239.3,436.1
2023-02-28,17.1,85.6,7.8,Tuesday,0,Winter,Commercial,8,436.1,600.5
2023-03-01,27.4,62.2,0.0,Wednesday,0,Spring,Villa,4,600.5,724.9
2023-03-02,,47.2,0.0,Thursday,0,Spring,Villa,2,724.9,505.8
2023-03-03,31.7,47.0,0.0,Friday,0,Spring,Villa,6,505.8,948.8
2023-03-04,25.0,40.0,0.0,Saturday,1,Spring,Villa,4,948.8,829.7
2023-03-05,21.2,48.2,0.0,Sunday,1,Spring,Villa,6,829.7,1008.0
2023-03-06,22.1,66.3,0.0,Monday,0,Spring,Apartment,1,1008.0,350.4
2023-03-07,35.2,43.2,0.3,Tuesday,0,Spring,Apartment,3,350.4,421.9
2023-03-08,29.5,43.2,0.0,Wednesday,0,Spring,Apartment,4,421.9,561.4
2023-03-09,21.4,66.8,0.0,Thursday,0,Spring,Apartment,4,561.4,517.6
2023-03-10,33.9,54.5,0.0,Friday,0,Spring,Apartment,4,517.6,640.0
2023-03-11,29.0,50.0,0.0,Saturday,1,Spring,Apartment,2,640.0,420.4
12/03/2023,31.8,32.1,0.0,Sunday,1,Spring,Apartment,3,420.4,482.7
2023-03-13,23.1,57.6,0.0,Monday,0,Spring,Apartment,2,482.7,328.6
2023-03-14,28.2,67.6,0.0,Tuesday,0,Spring,Apartment,2,328.6,308.2
2023-03-15,22.1,71.9,0.0,Wednesday,0,Spring,Apartment,1,308.2,146.6
2023-03-16,26.4,,0.0,Thursday,0,Spring,Villa,2,146.6,357.6
2023-03-17,22.1,58.9,0.0,Friday,0,Spring,Villa,6,357.6,852.0
2023-03-18,21.6,72.3,0.0,Saturday,1,Spring,Apartment,2,852.0,456.5
2023-03-19,21.2,47.0,,Sunday,1,Spring,Apartment,3,456.5,433.4
2023-03-20,31.4,70.7,6.3,Monday,0,Spring,Villa,4,433.4,696.0
2023-03-21,25.6,33.5,0.0,Tuesday,0,Spring,Villa,2,696.0,500.9
2023-03-22,24.3,44.4,0.0,Wednesday,0,Spring,Villa,2,500.9,443.3
2023-03-23,19.6,57.2,0.0,Thursday,0,Spring,Apartment,2,443.3,317.5
2023-03-24,27.2,61.2,0.0,Friday,0,Spring,Villa,6,317.5,893.3
2023-03-25,23.3,50.8,0.0,Saturday,1,Spring,Apartment,1,893.3,376.4
2023-03-26,29.2,59.2,0.0,Sunday,1,Spring,Apartment,3,376.4,460.9
27/03/2023,14.0,65.5,0.0,Monday,0,Spring,Apartment,3,460.9,391.7
2023-03-28,23.4,67.0,0.0,Tuesday,0,Spring,Commercial,23,391.7,1594.8
2023-03-29,17.0,53.5,0.0,Wednesday,0,Spring,Apartment,4,1594.8,808.1
2023-03-30,31.2,38.1,0.0,Thursday,0,Spring,Apartment,4,808.1,18500.0
2023-03-31,18.3,72.5,0.0,Friday,0,Spring,Apartment,4,647.0,579.1
2023-04-01,18.9,74.5,0.0,Saturday,1,Spring,Apartment,4,579.1,580.7
2023-04-02,23.2,51.3,4.0,Sunday,1,Spring,Apartment,4,580.7,555.0
2023-04-03,30.0,43.4,,Monday,0,Spring,Apartment,4,555.0,610.4
2023-04-04,30.6,36.6,1.8,Tuesday,0,Spring,Apartment,1,610.4,320.6
2023-04-05,30.2,36.6,0.0,Wednesday,0,Spring,Villa,5,320.6,790.1
2023-04-06,20.7,47.0,0.0,Thursday,0,Spring,Commercial,14,790.1,1099.4
2023-04-07,20.8,69.0,0.0,Friday,0,Spring,Apartment,4,1099.4,698.5
2023-04-08,25.8,46.0,0.0,Saturday,1,Spring,Villa,3,698.5,657.1
2023-04-09,19.2,60.7,0.6,Sunday,1,Spring,Commercial,13,657.1,922.1
2023-04-10,25.9,44.5,0.0,Monday,0,Spring,Villa,6,922.1,1044.8
11/04/2023,19.8,69.0,0.0,Tuesday,0,Spring,Apartment,4,1044.8,693.9
2023-04-12,24.4,43.4,0.0,Wednesday,0,Spring,Apartment,3,693.9,485.0
2023-04-13,26.2,74.0,0.0,Thursday,0,Spring,Apartment,1,485.0,256.2
2023-04-14,27.8,50.8,0.0,Friday,0,Spring,Commercial,14,256.2,1018.5
2023-04-15,23.5,63.0,0.0,Saturday,1,Spring,Apartment,2,1018.5,472.3
2023-04-16,21.2,72.1,0.0,Sunday,1,Spring,Apartment,1,472.3,216.7
2023-04-17,23.0,76.7,7.1,Monday,0,Spring,Villa,2,216.7,332.4
2023-04-18,30.5,63.0,0.0,Tuesday,0,Spring,Villa,6,332.4,911.7
2023-04-19,27.6,44.6,0.0,Wednesday,0,Spring,Apartment,1,911.7,340.6
2023-04-20,18.7,55.6,0.0,Thursday,0,Spring,Villa,3,340.6,501.0
2023-04-21,29.0,29.9,0.0,Friday,0,Spring,Apartment,2,501.0,361.0
2023-04-22,28.9,62.5,0.0,Saturday,1,Spring,Apartment,2,361.0,327.9
2023-04-23,23.5,49.1,0.0,Sunday,1,Spring,Commercial,9,327.9,605.7
2023-04-24,30.0,58.7,0.0,Monday,0,Spring,Villa,4,605.7,750.1
2023-04-25,27.0,92.6,0.0,Tuesday,0,Spring,Villa,3,750.1,631.5
26/04/2023,22.5,67.3,0.0,Wednesday,0,Spring,Apartment,4,631.5,535.5
2023-04-27,32.3,43.5,0.0,Thursday,0,Spring,Apartment,3,535.5,487.4
2023-04-28,32.9,36.5,,Friday,0,Spring,Apartment,4,487.4,606.6
2023-04-29,25.4,64.4,0.0,Saturday,1,Spring,Villa,2,606.6,505.0
2023-04-30,20.1,49.0,0.0,Sunday,1,Spring,Apartment,1,505.0,248.9
2023-05-01,25.7,55.8,0.0,Monday,0,Spring,Villa,6,248.9,863.3
2023-05-02,19.8,42.8,0.0,Tuesday,0,Spring,Commercial,5,863.3,559.6
2023-05-03,23.7,59.7,0.0,Wednesday,0,Spring,Villa,5,559.6,770.2
2023-05-04,26.9,60.8,0.0,Thursday,0,Spring,Villa,6,770.2,955.4
2023-05-05,20.2,49.6,0.0,Friday,0,Spring,Apartment,3,955.4,569.2
2023-05-06,25.5,75.5,0.0,Saturday,1,Spring,Apartment,1,569.2,315.2
2023-05-07,22.4,70.5,,Sunday,1,Spring,Apartment,3,315.2,443.7
2023-05-08,18.8,53.2,0.0,Monday,0,Spring,Commercial,12,443.7,888.7
2023-05-09,26.0,60.6,0.0,Tuesday,0,Spring,Apartment,2,888.7,450.8
2023-05-10,25.0,39.4,0.0,Wednesday,0,Spring,Villa,3,450.8,547.3
11/05/2023,33.7,46.8,0.0,Thursday,0,Spring,Apartment,1,547.3,308.1
2023-05-12,28.9,49.1,0.0,Friday,0,Spring,Apartment,1,308.1,221.4
2023-05-13,31.0,55.2,0.0,Saturday,1,Spring,Villa,4,221.4,681.8
2023-05-14,20.1,69.0,10.3,Sunday,1,Spring,Apartment,1,681.8,317.1
2023-05-15,24.6,51.2,0.0,Monday,0,Spring,Apartment,1,317.1,188.0
2023-05-16,26.5,50.2,0.0,Tuesday,0,Spring,Apartment,1,188.0,201.8
2023-05-17,20.2,42.8,0.0,Wednesday,0,Spring,Villa,5,201.8,709.6
2023-05-18,22.3,59.7,0.0,Thursday,0,Spring,Villa,5,709.6,820.1
2023-05-19,21.9,42.4,3.7,Friday,0,Spring,Apartment,4,820.1,583.5
2023-05-20,24.4,50.7,0.0,Saturday,1,Spring,Apartment,2,583.5,382.6
2023-05-21,34.5,50.6,11.6,Sunday,1,Spring,Villa,6,382.6,960.4
2023-05-22,15.3,66.5,0.0,Monday,0,Spring,Villa,4,960.4,800.2
2023-05-23,31.9,40.9,0.0,Tuesday,0,Spring,Villa,6,800.2,1038.4
2023-05-24,22.8,48.5,0.0,Wednesday,0,Spring,Apartment,2,1038.4,469.4
2023-05-25,29.2,,0.0,Thursday,0,Spring,Villa,4,469.4,700.5
26/05/2023,26.8,38.9,0.0,Friday,0,Spring,Villa,3,700.5,594.3
2023-05-27,25.1,57.6,0.0,Saturday,1,Spring,Villa,3,594.3,602.3
2023-05-28,24.6,61.8,0.0,Sunday,1,Spring,Apartment,3,602.3,496.5
2023-05-29,27.5,38.9,0.0,Monday,0,Spring,Villa,6,496.5,915.5
2023-05-30,29.7,,12.0,Tuesday,0,Spring,Villa,5,915.5,908.9
2023-05-31,28.7,47.1,0.0,Wednesday,0,Spring,Apartment,1,908.9,351.9
2023-06-01,32.5,54.9,0.0,Thursday,0,Summer,Apartment,2,351.9,335.3
2023-06-02,40.4,43.5,0.0,Friday,0,Summer,Apartment,1,335.3,249.0
2023-06-03,35.5,50.4,0.0,Saturday,1,Summer,Villa,4,249.0,708.7
2023-06-04,36.8,33.4,3.6,Sunday,1,Summer,Villa,4,708.7,802.3
2023-06-05,29.4,64.9,5.7,Monday,0,Summer,Apartment,3,802.3,557.6
2023-06-06,35.5,66.2,0.0,Tuesday,0,Summer,Villa,4,557.6,777.5
2023-06-07,30.2,55.7,0.0,Wednesday,0,Summer,Villa,4,777.5,771.5
2023-06-08,36.5,28.1,0.0,Thursday,0,Summer,Commercial,8,771.5,789.7
2023-06-09,33.5,61.7,0.0,Friday,0,Summer,Apartment,4,789.7,693.4
10/06/2023,31.7,36.9,0.0,Saturday,1,Summer,Apartment,1,693.4,374.9
2023-06-11,34.7,41.4,0.0,Sunday,1,Summer,Apartment,2,374.9,391.7
2023-06-12,29.4,37.0,0.0,Monday,0,Summer,Apartment,3,391.7,444.5
2023-06-13,36.9,44.7,9.3,Tuesday,0,Summer,Apartment,3,444.5,502.6
2023-06-14,36.2,34.2,0.0,Wednesday,0,Summer,Apartment,1,502.6,351.5
2023-06-15,36.0,58.7,10.8,Thursday,0,Summer,Apartment,3,351.5,445.3
2023-06-16,33.3,59.5,0.0,Friday,0,Summer,Villa,6,445.3,952.0
2023-06-17,39.5,37.4,0.0,Saturday,1,Summer,Apartment,3,952.0,658.3
2023-06-18,,61.8,3.3,Sunday,1,Summer,Apartment,3,658.3,552.6
2023-06-19,41.4,29.8,0.0,Monday,0,Summer,Apartment,2,552.6,423.1
2023-06-20,33.2,40.5,0.0,Tuesday,0,Summer,Apartment,2,423.1,350.2
2023-06-21,33.5,38.9,0.0,Wednesday,0,Summer,Commercial,12,350.2,914.7
2023-06-22,31.8,34.5,14.0,Thursday,0,Summer,Apartment,4,914.7,692.1
2023-06-23,31.9,51.6,0.0,Friday,0,Summer,Villa,3,692.1,658.1
2023-06-24,32.3,26.2,0.0,Saturday,1,Summer,Villa,6,658.1,1019.0
25/06/2023,40.8,41.0,0.0,Sunday,1,Summer,Apartment,4,1019.0,776.0
2023-06-26,26.0,53.2,0.0,Monday,0,Summer,Villa,3,776.0,619.3
2023-06-27,30.1,34.3,0.0,Tuesday,0,Summer,Apartment,2,619.3,417.2
2023-06-28,37.1,40.4,0.0,Wednesday,0,Summer,Villa,2,417.2,493.0
2023-06-29,34.1,43.5,0.0,Thursday,0,Summer,Villa,5,493.0,865.3
2023-06-30,33.7,59.4,0.0,Friday,0,Summer,Apartment,4,865.3,671.9
2023-07-01,36.0,15.0,0.0,Saturday,1,Summer,Villa,2,671.9,567.7
2023-07-02,28.4,48.1,0.0,Sunday,1,Summer,Apartment,3,567.7,551.2
2023-07-03,34.4,49.5,0.0,Monday,0,Summer,Apartment,4,551.2,592.8
2023-07-04,30.2,43.5,0.0,Tuesday,0,Summer,Apartment,1,592.8,279.9
2023-07-05,41.0,66.6,12.3,Wednesday,0,Summer,Apartment,2,279.9,352.3
2023-07-06,33.0,62.8,0.0,Thursday,0,Summer,Apartment,1,352.3,246.3
2023-07-07,45.2,66.1,0.0,Friday,0,Summer,Villa,6,246.3,960.5
2023-07-08,35.7,62.7,4.9,Saturday,1,Summer,Apartment,1,960.5,446.8
2023-07-09,29.5,42.0,0.0,Sunday,1,Summer,Commercial,12,446.8,825.0
10/07/2023,30.7,49.6,0.0,Monday,0,Summer,Villa,3,825.0,685.4
2023-07-11,34.4,66.9,0.0,Tuesday,0,Summer,Commercial,22,685.4,1668.7
2023-07-12,32.4,41.9,0.0,Wednesday,0,Summer,Villa,2,1668.7,748.4
2023-07-13,40.9,40.1,0.0,Thursday,0,Summer,Villa,2,748.4,566.0
2023-07-14,37.1,40.2,0.0,Friday,0,Summer,Commercial,12,566.0,956.9
2023-07-15,30.3,44.2,0.0,Saturday,1,Summer,Villa,4,956.9,837.2
2023-07-16,35.6,37.7,0.0,Sunday,1,Summer,Villa,3,837.2,736.3
2023-07-17,39.0,33.9,0.0,Monday,0,Summer,Apartment,1,736.3,355.8
2023-07-18,28.6,58.2,0.0,Tuesday,0,Summer,Villa,4,355.8,665.3
2023-07-19,31.3,39.0,0.0,Wednesday,0,Summer,Villa,5,665.3,856.2
2023-07-20,38.3,54.9,0.0,Thursday,0,Summer,Apartment,3,856.2,623.8
2023-07-21,32.1,39.5,0.0,Friday,0,Summer,VILLA,4,623.8,601.6
2023-07-22,28.8,38.8,0.0,Saturday,1,Summer,Apartment,2,601.6,417.7
2023-07-23,28.1,62.8,2.8,Sunday,1,Summer,Apartment,3,417.7,475.5
2023-07-24,29.0,31.3,0.0,Monday,0,Summer,Villa,5,475.5,785.6
25/07/2023,39.1,30.4,0.0,Tuesday,0,Summer,Apartment,2,785.6,484.9
2023-07-26,36.8,48.3,0.0,Wednesday,0,Summer,Apartment,4,484.9,602.8
2023-07-27,33.7,25.8,0.0,Thursday,0,Summer,Villa,2,602.8,525.0
2023-07-28,34.5,62.6,0.0,Friday,0,Summer,Commercial,7,525.0,636.6
2023-07-29,42.6,50.6,0.0,Saturday,1,Summer,apartment,1,636.6,401.7
2023-07-30,30.8,41.6,0.0,Sunday,1,Summer,Apartment,3,401.7,468.8
2023-07-31,40.8,49.6,8.6,Monday,0,Summer,Apartment,4,468.8,619.2
2023-08-01,35.7,51.2,0.0,Tuesday,0,Summer,Apartment,2,619.2,452.7
2023-08-02,25.4,44.3,0.4,Wednesday,0,Summer,Villa,6,452.7,884.0
2023-08-03,36.9,23.1,0.0,Thursday,0,Summer,Villa,4,884.0,853.1
2023-08-04,28.2,35.7,0.0,Friday,0,Summer,Apartment,2,853.1,451.1
2023-08-05,32.7,57.2,0.0,Saturday,1,Summer,Apartment,4,451.1,591.8
2023-08-06,36.2,51.6,0.0,Sunday,1,Summer,Apartment,1,591.8,335.0
2023-08-07,35.0,69.0,0.0,Monday,0,Summer,Apartment,2,335.0,323.9
2023-08-08,36.0,34.4,0.0,Tuesday,0,Summer,Villa,6,323.9,917.2
09/08/2023,30.6,69.1,9.5,Wednesday,0,Summer,Villa,5,917.2,908.1
2023-08-10,24.2,69.4,0.0,Thursday,0,Summer,Villa,6,908.1,1034.8
2023-08-11,33.4,47.5,0.0,Friday,0,Summer,Apartment,4,1034.8,728.6
2023-08-12,31.5,52.3,0.0,Saturday,1,Summer,Apartment,3,728.6,550.6
2023-08-13,31.6,72.0,3.1,Sunday,1,Summer,Commercial,13,550.6,932.0
2023-08-14,,38.6,5.0,Monday,0,Summer,Apartment,1,932.0,389.5
2023-08-15,41.7,44.1,0.0,Tuesday,0,Summer,Apartment,4,389.5,627.6
2023-08-16,38.3,42.8,0.0,Wednesday,0,Summer,Apartment,4,627.6,637.0
2023-08-17,39.2,52.4,0.0,Thursday,0,Summer,Villa,3,637.0,660.2
2023-08-18,25.2,56.5,0.0,Friday,0,Summer,Apartment,3,660.2,507.0
2023-08-19,35.0,59.0,0.0,Saturday,1,Summer,Apartment,3,507.0,539.7
2023-08-20,39.9,28.9,0.0,Sunday,1,Summer,Commercial,24,539.7,1702.4
2023-08-21,27.4,70.9,0.0,Monday,0,Summer,Apartment,2,1702.4,650.0
2023-08-22,30.7,54.8,0.0,Tuesday,0,Summer,Apartment,3,650.0,505.2
2023-08-23,38.3,54.6,0.0,Wednesday,0,Summer,Apartment,4,505.2,610.5
24/08/2023,40.7,36.7,0.0,Thursday,0,Summer,Apartment,2,610.5,465.9
2023-08-25,31.5,42.9,0.0,Friday,0,Summer,Villa,6,465.9,939.2
2023-08-26,29.1,40.9,0.0,Saturday,1,Summer,Apartment,1,939.2,386.4
2023-08-27,33.5,49.2,0.0,Sunday,1,Summer,Apartment,2,386.4,372.2
2023-08-28,29.1,42.0,0.0,Monday,0,Summer,Apartment,4,372.2,533.2
2023-08-29,36.0,57.6,0.0,Tuesday,0,Summer,VILLA,19,533.2,1407.9
2023-08-30,27.7,53.6,4.2,Wednesday,0,Summer,Apartment,3,1407.9,670.8
2023-08-31,30.8,49.0,0.0,Thursday,0,Summer,Villa,3,670.8,615.2
2023-09-01,27.8,57.2,0.0,Friday,0,Autumn,Villa,5,615.2,851.8
2023-09-02,32.3,41.4,0.0,Saturday,1,Autumn,Commercial,24,851.8,1705.2
2023-09-03,20.2,74.1,0.0,Sunday,1,Autumn,Apartment,2,1705.2,683.3
2023-09-04,20.1,65.2,17.4,Monday,0,Autumn,Villa,5,683.3,777.3
2023-09-05,27.9,56.8,0.0,Tuesday,0,Autumn,Apartment,4,777.3,621.2
2023-09-06,29.3,57.3,0.0,Wednesday,0,Autumn,Villa,6,621.2,959.2
2023-09-07,25.1,19.5,0.0,Thursday,0,Autumn,Apartment,3,959.2,574.8
08/09/2023,32.2,44.3,0.0,Friday,0,Autumn,Villa,5,574.8,867.2
2023-09-09,33.5,36.7,0.0,Saturday,1,Autumn,Apartment,4,867.2,720.9
2023-09-10,26.4,71.5,13.6,Sunday,1,Autumn,Apartment,1,720.9,334.7
2023-09-11,17.7,60.4,0.0,Monday,0,Autumn,Villa,3,334.7,509.5
2023-09-12,35.2,45.2,26.6,Tuesday,0,Autumn,Apartment,3,509.5,490.5
2023-09-13,28.1,72.8,0.0,Wednesday,0,Autumn,Villa,5,490.5,825.2
2023-09-14,23.8,69.9,0.0,Thursday,0,Autumn,Apartment,2,825.2,394.5
2023-09-15,25.3,42.9,0.0,Friday,0,Autumn,Apartment,1,394.5,18500.0
2023-09-16,31.6,64.0,0.0,Saturday,1,Autumn,Apartment,2,187.2,331.1
2023-09-17,30.5,24.1,0.0,Sunday,1,Autumn,Apartment,3,331.1,446.6
2023-09-18,29.7,55.9,0.0,Monday,0,Autumn,Apartment,1,446.6,273.3
2023-09-19,16.5,74.5,0.0,Tuesday,0,Autumn,Apartment,4,273.3,489.2
2023-09-20,27.2,63.8,0.0,Wednesday,0,Autumn,Villa,6,489.2,919.2
2023-09-21,20.0,50.4,0.0,Thursday,0,Autumn,Villa,5,919.2,911.5
2023-09-22,18.4,36.6,0.0,Friday,0,Autumn,Apartment,1,911.5,341.9
23/09/2023,23.6,17.8,0.0,Saturday,1,Autumn,Villa,4,341.9,671.9
2023-09-24,22.5,43.2,13.5,Sunday,1,Autumn,Villa,5,671.9,827.0
2023-09-25,26.7,86.8,6.4,Monday,0,Autumn,Apartment,1,827.0,323.2
2023-09-26,13.2,54.9,17.8,Tuesday,0,Autumn,Apartment,3,323.2,381.2
2023-09-27,18.6,47.2,0.0,Wednesday,0,Autumn,Villa,6,381.2,858.3
2023-09-28,30.4,60.8,6.8,Thursday,0,Autumn,Apartment,3,858.3,580.9
2023-09-29,24.0,68.8,0.0,Friday,0,Autumn,Villa,6,580.9,956.0
2023-09-30,27.3,52.2,0.0,Saturday,1,Autumn,Apartment,4,956.0,660.9
2023-10-01,23.8,,0.0,Sunday,1,Autumn,Apartment,4,660.9,623.4
2023-10-02,26.1,53.8,0.4,Monday,0,Autumn,Apartment,3,623.4,487.5
2023-10-03,24.0,48.7,0.0,Tuesday,0,Autumn,Apartment,2,487.5,316.7
2023-10-04,25.9,54.7,0.0,Wednesday,0,Autumn,Villa,4,316.7,646.4
2023-10-05,28.5,61.1,22.7,Thursday,0,Autumn,Apartment,1,646.4,288.0
2023-10-06,23.3,65.6,9.0,Friday,0,Autumn,Apartment,1,288.0,197.8
2023-10-07,18.6,73.1,6.4,Saturday,1,Autumn,Villa,3,197.8,487.4
08/10/2023,24.3,48.4,0.0,Sunday,1,Autumn,Apartment,2,487.4,359.1
2023-10-09,24.0,47.1,0.0,Monday,0,Autumn,Apartment,4,359.1,487.8
2023-10-10,22.9,54.1,0.0,Tuesday,0,Autumn,Villa,5,487.8,804.5
2023-10-11,19.6,32.4,0.0,Wednesday,0,Autumn,Villa,2,804.5,545.9
2023-10-12,21.6,36.2,0.0,Thursday,0,Autumn,Apartment,1,545.9,264.6
2023-10-13,23.1,57.5,,Friday,0,Autumn,Villa,5,264.6,771.2
2023-10-14,29.4,54.1,0.0,Saturday,1,Autumn,Villa,3,771.2,694.2
2023-10-15,32.9,52.6,0.0,Sunday,1,Autumn,Apartment,4,694.2,644.3
2023-10-16,22.0,54.7,0.0,Monday,0,Autumn,Apartment,4,644.3,545.5
2023-10-17,22.5,33.3,0.0,Tuesday,0,Autumn,Apartment,2,545.5,382.3
2023-10-18,22.2,,22.6,Wednesday,0,Autumn,Apartment,2,382.3,309.2
2023-10-19,30.9,31.3,0.0,Thursday,0,Autumn,Apartment,2,309.2,335.6
2023-10-20,24.6,52.7,0.0,Friday,0,Autumn,Commercial,11,335.6,848.0
2023-10-21,21.3,68.1,4.6,Saturday,1,Autumn,Villa,6,848.0,1003.7
2023-10-22,17.9,65.1,0.0,Sunday,1,Autumn,Apartment,3,1003.7,585.0
23/10/2023,25.5,69.1,12.9,Monday,0,Autumn,Villa,5,585.0,789.1
2023-10-24,27.3,49.5,0.0,Tuesday,0,Autumn,Villa,5,789.1,883.3
2023-10-25,22.9,56.2,0.0,Wednesday,0,Autumn,Apartment,2,883.3,430.6
2023-10-26,21.2,59.7,0.0,Thursday,0,Autumn,Villa,6,430.6,917.0
2023-10-27,20.1,68.7,0.0,Friday,0,Autumn,Apartment,2,917.0,379.0
2023-10-28,,61.5,5.6,Saturday,1,Autumn,Apartment,1,379.0,270.3
2023-10-29,28.7,85.0,0.0,Sunday,1,Autumn,Apartment,2,270.3,332.4
2023-10-30,18.0,55.7,0.0,Monday,0,Autumn,VILLA,2,332.4,386.2
2023-10-31,16.6,63.1,36.5,Tuesday,0,Autumn,Villa,4,386.2,598.8
2023-11-01,21.7,46.1,3.2,Wednesday,0,Autumn,Villa,2,598.8,451.1
2023-11-02,22.4,56.3,0.0,Thursday,0,Autumn,Apartment,2,451.1,326.6
2023-11-03,24.3,55.3,0.0,Friday,0,Autumn,Apartment,2,326.6,276.8
2023-11-04,26.8,66.0,0.0,Saturday,1,Autumn,Apartment,3,276.8,416.7
2023-11-05,30.5,68.2,0.0,Sunday,1,Autumn,Apartment,2,416.7,397.3
2023-11-06,24.2,56.3,0.0,Monday,0,Autumn,Apartment,3,397.3,426.0
07/11/2023,30.5,43.3,0.0,Tuesday,0,Autumn,Apartment,4,426.0,567.8
2023-11-08,25.5,58.0,9.4,Wednesday,0,Autumn,Apartment,3,567.8,498.3
2023-11-09,22.0,71.1,8.0,Thursday,0,Autumn,Villa,6,498.3,919.8
2023-11-10,21.4,43.8,0.0,Friday,0,Autumn,Apartment,3,919.8,545.4
2023-11-11,24.6,40.4,0.0,Saturday,1,Autumn,Apartment,3,545.4,465.9
2023-11-12,17.7,64.9,0.0,Sunday,1,Autumn,Apartment,2,465.9,334.5
2023-11-13,23.8,43.4,0.0,Monday,0,Autumn,Apartment,1,334.5,215.9
2023-11-14,27.1,70.9,0.0,Tuesday,0,Autumn,apartment,1,215.9,163.3
2023-11-15,26.6,44.0,0.0,Wednesday,0,Autumn,Apartment,2,163.3,234.3
2023-11-16,24.3,51.2,0.0,Thursday,0,Autumn,Apartment,3,234.3,357.5
2023-11-17,30.2,46.5,0.0,Friday,0,Autumn,Apartment,1,357.5,220.7
2023-11-18,25.0,67.9,0.0,Saturday,1,Autumn,Villa,4,220.7,644.9
2023-11-19,29.5,39.0,0.0,Sunday,1,Autumn,Apartment,4,644.9,613.5
2023-11-20,21.2,49.1,0.0,Monday,0,Autumn,Villa,6,613.5,968.7
2023-11-21,18.5,61.1,2.7,Tuesday,0,Autumn,Apartment,1,968.7,320.1
22/11/2023,16.8,79.3,0.0,Wednesday,0,Autumn,Apartment,2,320.1,324.0
2023-11-23,17.3,76.2,0.0,Thursday,0,Autumn,Commercial,14,324.0,1007.6
2023-11-24,22.2,53.4,0.0,Friday,0,Autumn,Commercial ,4,1007.6,653.0
2023-11-25,26.0,48.5,0.0,Saturday,1,Autumn,Apartment,4,653.0,607.6
2023-11-26,27.1,50.4,5.7,Sunday,1,Autumn,Villa,5,607.6,859.1
2023-11-27,24.8,67.2,0.0,Monday,0,Autumn,Villa,3,859.1,636.8
2023-11-28,22.2,55.4,0.0,Tuesday,0,Autumn,Commercial,11,636.8,899.9
2023-11-29,27.6,40.9,0.0,Wednesday,0,Autumn,  Apartment ,1,899.9,347.0
2023-11-30,21.7,40.6,0.0,Thursday,0,Autumn,Apartment,4,347.0,500.1
2023-12-01,17.0,53.9,0.0,Friday,0,Winter,Apartment,3,500.1,447.7
2023-12-02,14.4,68.9,0.0,Saturday,1,Winter,Apartment,3,447.7,456.4
2023-12-03,12.3,67.3,0.0,Sunday,1,Winter,Apartment,1,456.4,227.9
2023-12-04,12.5,70.1,0.0,Monday,0,Winter,Commercial,21,227.9,1388.7
2023-12-05,18.2,50.8,1.6,Tuesday,0,Winter,Apartment,3,1388.7,631.8
2023-12-06,14.4,67.6,0.0,Wednesday,0,Winter,Villa,4,631.8,696.1
07/12/2023,16.5,74.1,0.0,Thursday,0,Winter,Apartment,3,696.1,493.5
2023-12-08,8.7,80.1,0.0,Friday,0,Winter,Commercial,20,493.5,1405.6
2023-12-09,19.7,63.3,0.0,Saturday,1,Winter,Apartment,4,1405.6,776.6
2023-12-10,7.2,77.7,0.0,Sunday,1,Winter,Villa,4,776.6,750.5
2023-12-11,16.4,67.5,0.0,Monday,0,Winter,Apartment,1,750.5,305.7
2023-12-12,11.5,60.7,0.0,Tuesday,0,Winter,Apartment,2,305.7,298.1
2023-12-13,21.5,46.8,0.0,Wednesday,0,Winter,Apartment,4,298.1,464.5
2023-12-14,15.3,67.0,0.0,Thursday,0,Winter,Commercial,17,464.5,1212.3
2023-12-15,16.0,45.8,0.0,Friday,0,Winter,Apartment,1,1212.3,381.8
2023-12-16,12.0,63.9,0.0,Saturday,1,Winter,Apartment,1,381.8,240.9
2023-12-17,22.7,37.2,0.0,Sunday,1,Winter,Apartment,4,240.9,462.6
2023-12-18,16.9,72.0,0.0,Monday,0,Winter,Apartment,3,462.6,420.9
2023-12-19,22.4,67.8,0.0,Tuesday,0,Winter,Apartment,4,420.9,482.2
2023-12-20,11.4,95.0,0.0,Wednesday,0,Winter,Apartment,3,482.2,411.4
2023-12-21,17.3,65.0,0.0,Thursday,0,Winter,Apartment,4,411.4,510.9
22/12/2023,14.6,62.7,0.0,Friday,0,Winter,Villa,3,510.9,546.6
2023-12-23,13.0,57.7,0.0,Saturday,1,Winter,Villa,3,546.6,603.3
2023-12-24,16.4,67.0,0.0,Sunday,1,Winter,Apartment,2,603.3,384.6
2023-12-25,14.9,66.9,0.0,Monday,0,Winter,Apartment,1,384.6,197.2
2023-12-26,13.9,74.9,0.0,Tuesday,0,Winter,Apartment,2,197.2,226.2
2023-12-27,12.7,58.6,0.0,Wednesday,0,Winter,Apartment,1,226.2,176.3
2023-12-28,9.0,69.7,0.0,Thursday,0,Winter,Apartment,4,176.3,416.1
2023-12-29,9.5,42.5,0.0,Friday,0,Winter,Commercial,20,416.1,1391.0
2023-12-30,20.1,44.6,0.0,Saturday,1,Winter, villa ,7,1391.0,701.5
2023-12-31,16.4,67.7,0.0,Sunday,1,Winter,Apartment,3,701.5,497.0
2024-01-01,22.7,54.8,0.0,Monday,0,Winter,Apartment,2,497.0,330.3
2024-01-02,13.5,62.2,0.0,Tuesday,0,Winter,Apartment,2,330.3,288.9
2024-01-03,24.6,40.1,0.0,Wednesday,0,Winter,Apartment,1,288.9,212.2
2024-01-04,15.1,72.4,0.0,Thursday,0,Winter,Apartment,2,212.2,279.0
2024-01-05,12.1,73.3,0.0,Friday,0,Winter,Commercial,17,279.0,1160.1
06/01/2024,14.4,58.7,0.0,Saturday,1,Winter,Apartment,3,1160.1,598.7
2024-01-07,15.1,78.4,0.0,Sunday,1,Winter,Apartment,1,598.7,298.7
2024-01-08,8.4,63.7,0.0,Monday,0,Winter,Commercial,7,298.7,528.5
2024-01-09,17.4,71.8,0.0,Tuesday,0,Winter,Villa,6,528.5,931.5
2024-01-10,8.6,56.5,0.0,Wednesday,0,Winter,Villa,5,931.5,886.5
2024-01-11,13.7,60.0,0.0,Thursday,0,Winter,Apartment,4,886.5,629.1
2024-01-12,18.1,79.8,0.0,Friday,0,Winter,Commercial ,3,629.1,463.9
2024-01-13,12.6,70.8,0.0,Saturday,1,Winter,Villa,2,463.9,423.0
2024-01-14,20.2,60.6,0.0,Sunday,1,Winter,Apartment,1,423.0,222.9
2024-01-15,8.6,70.8,0.0,Monday,0,Winter,Apartment,1,222.9,156.8
2024-01-16,14.0,59.3,0.0,Tuesday,0,Winter,Apartment,4,156.8,431.1
2024-01-17,,64.6,0.0,Wednesday,0,Winter,  Apartment ,1,431.1,238.9
2024-01-18,25.9,48.7,0.0,Thursday,0,Winter,Apartment,1,238.9,172.1
2024-01-19,15.0,60.9,0.0,Friday,0,Winter,Villa,5,172.1,676.2
2024-01-20,14.1,67.3,0.0,Saturday,1,Winter,Apartment,4,676.2,603.5
21/01/2024,20.0,64.0,0.0,Sunday,1,Winter,Commercial,23,603.5,1567.9
2024-01-22,16.8,55.1,0.0,Monday,0,Winter,Villa,4,1567.9,951.9
2024-01-23,7.5,81.6,0.0,Tuesday,0,Winter,Apartment,2,951.9,430.5
2024-01-24,14.4,83.5,0.0,Wednesday,0,Winter,Villa,5,430.5,751.4
2024-01-25,13.3,92.6,0.0,Thursday,0,Winter,Apartment,2,751.4,378.6
2024-01-26,10.8,65.0,0.0,Friday,0,Winter,Commercial,15,378.6,1094.4
2024-01-27,20.5,64.0,0.0,Saturday,1,Winter,Commercial,5,1094.4,497.6
2024-01-28,18.8,47.5,0.0,Sunday,1,Winter,Apartment,2,497.6,350.5
2024-01-29,14.9,61.9,0.0,Monday,0,Winter,Apartment,4,350.5,471.4
2024-01-30,15.8,70.4,0.0,Tuesday,0,Winter,Villa,5,471.4,806.1
2024-01-31,7.2,60.3,0.0,Wednesday,0,Winter,Apartment,1,806.1,320.9
2024-02-01,12.5,45.2,0.0,Thursday,0,Winter,Villa,5,320.9,768.1
2024-02-02,17.4,66.2,0.0,Friday,0,Winter,Apartment,2,768.1,409.3
2024-02-03,18.1,62.4,0.0,Saturday,1,Winter,Villa,3,409.3,516.3
2024-02-04,11.7,88.3,0.0,Sunday,1,Winter,Villa,5,516.3,839.7
05/02/2024,15.6,,0.0,Monday,0,Winter,Apartment,3,839.7,510.5
2024-02-06,9.8,71.3,0.0,Tuesday,0,Winter,Villa,5,510.5,770.4
2024-02-07,16.0,66.6,0.0,Wednesday,0,Winter,Apartment,3,770.4,485.1
2024-02-08,21.1,77.8,0.0,Thursday,0,Winter,Apartment,3,485.1,432.5
2024-02-09,12.0,58.3,0.0,Friday,0,Winter,Apartment,1,432.5,223.1
2024-02-10,11.6,88.9,0.0,Saturday,1,Winter,Villa,3,223.1,475.5
2024-02-11,11.4,75.1,0.0,Sunday,1,Winter,Apartment,2,475.5,356.8
2024-02-12,22.4,61.4,0.0,Monday,0,Winter,Apartment,4,356.8,477.7
2024-02-13,12.7,60.8,0.0,Tuesday,0,Winter,Villa,5,477.7,748.4
2024-02-14,11.8,58.3,0.0,Wednesday,0,Winter,Villa,3,748.4,590.1
2024-02-15,15.9,61.3,0.0,Thursday,0,Winter,VILLA,1,590.1,238.4
2024-02-16,22.1,39.9,0.0,Friday,0,Winter,Apartment,2,238.4,240.5
2024-02-17,10.0,63.7,11.6,Saturday,1,Winter,Commercial,8,240.5,471.4
2024-02-18,6.8,71.3,0.0,Sunday,1,Winter,Villa,3,471.4,544.1
2024-02-19,2.2,63.5,0.0,Monday,0,Winter,Commercial,12,544.1,931.7
20/02/2024,15.8,47.1,0.0,Tuesday,0,Winter,Apartment,3,931.7,553.5
2024-02-21,13.1,72.9,0.1,Wednesday,0,Winter,Commercial,17,553.5,1286.0
2024-02-22,16.9,70.9,4.0,Thursday,0,Winter,Villa,5,1286.0,975.7
2024-02-23,10.5,60.6,0.0,Friday,0,Winter,Villa,3,975.7,690.4
2024-02-24,10.6,77.7,0.0,Saturday,1,Winter,Villa,5,690.4,838.2
2024-02-25,19.7,66.1,0.0,Sunday,1,Winter,apartment,2,838.2,425.6
2024-02-26,7.7,64.9,0.0,Monday,0,Winter,Villa,6,425.6,881.9
2024-02-27,13.4,59.4,0.0,Tuesday,0,Winter,Apartment,1,881.9,348.2
2024-02-28,3.5,73.9,0.0,Wednesday,0,Winter,Villa,4,348.2,608.0
2024-02-29,21.4,56.5,0.0,Thursday,0,Winter,Villa,6,608.0,936.7
2024-03-01,27.9,62.4,3.9,Friday,0,Spring,apartment,4,936.7,665.7
2024-03-02,23.3,39.0,0.0,Saturday,1,Spring,Villa,6,665.7,970.4
2024-03-03,22.0,44.3,0.0,Sunday,1,Spring,Apartment,1,970.4,363.2
2024-03-04,22.6,62.1,0.0,Monday,0,Spring,Apartment,1,363.2,191.0
2024-03-05,23.0,44.2,0.0,Tuesday,0,Spring,Apartment,3,191.0,388.5
06/03/2024,28.6,59.8,0.0,Wednesday,0,Spring,Commercial,12,388.5,878.5
2024-03-07,23.7,57.2,0.0,Thursday,0,Spring,Commercial,23,878.5,1728.7
2024-03-08,25.2,28.8,0.0,Friday,0,Spring,Villa,4,1728.7,979.4
2024-03-09,18.2,28.9,0.0,Saturday,1,Spring,Commercial,21,979.4,1493.3
2024-03-10,24.8,28.7,0.0,Sunday,1,Spring,Apartment,3,1493.3,740.9
2024-03-11,22.6,68.1,0.0,Monday,0,Spring,Apartment,1,740.9,281.4
2024-03-12,28.6,48.6,0.0,Tuesday,0,Spring,Villa,6,281.4,878.7
2024-03-13,24.1,47.7,0.0,Wednesday,0,Spring,Apartment,4,878.7,611.1
2024-03-14,24.7,54.0,0.0,Thursday,0,Spring,Commercial,23,611.1,1663.4
2024-03-15,20.2,59.6,0.0,Friday,0,Spring,Villa,6,1663.4,1208.8
2024-03-16,24.4,33.8,0.0,Saturday,1,Spring,Apartment,4,1208.8,738.5
2024-03-17,24.3,66.8,0.0,Sunday,1,Spring,Apartment,2,738.5,440.6
2024-03-18,25.1,54.1,0.0,Monday,0,Spring,Apartment,2,440.6,354.7
2024-03-19,11.5,72.7,0.0,Tuesday,0,Spring,Commercial,22,354.7,1510.5
2024-03-20,24.4,62.1,0.0,Wednesday,0,Spring,Villa,4,1510.5,945.7
21/03/2024,27.2,19.0,0.0,Thursday,0,Spring,Apartment,1,945.7,361.7
2024-03-22,29.9,41.8,0.0,Friday,0,Spring, villa ,1,361.7,257.9
2024-03-23,23.6,,0.0,Saturday,1,Spring,Apartment,4,257.9,489.0
2024-03-24,28.1,57.9,0.5,Sunday,1,Spring,Apartment,2,489.0,375.2
2024-03-25,36.3,45.5,0.0,Monday,0,Spring,Apartment,2,375.2,356.4
2024-03-26,23.8,45.8,0.0,Tuesday,0,Spring,Villa,2,356.4,405.6
2024-03-27,25.8,29.2,0.0,Wednesday,0,Spring,Apartment,4,405.6,511.2
2024-03-28,21.8,37.0,8.4,Thursday,0,Spring,Apartment,2,511.2,330.9
2024-03-29,29.4,67.1,0.0,Friday,0,Spring,Apartment,4,330.9,553.0
2024-03-30,27.8,43.7,0.0,Saturday,1,Spring,Apartment,3,553.0,492.2
2024-03-31,22.1,61.9,0.0,Sunday,1,Spring,Villa,5,492.2,826.3
2024-04-01,27.2,61.9,0.0,Monday,0,Spring,Apartment,3,826.3,529.9
2024-04-02,29.2,40.8,0.4,Tuesday,0,Spring,Apartment,1,529.9,270.4
2024-04-03,25.8,72.7,0.0,Wednesday,0,Spring,Villa,2,270.4,388.0
2024-04-04,28.5,38.9,0.0,Thursday,0,Spring,Villa,3,388.0,552.1
05/04/2024,22.0,47.5,0.0,Friday,0,Spring,Apartment,2,552.1,353.0
2024-04-06,17.3,52.2,0.0,Saturday,1,Spring,Villa,4,353.0,677.0
2024-04-07,18.1,47.8,0.0,Sunday,1,Spring,Apartment,2,677.0,400.3
2024-04-08,28.6,63.4,5.7,Monday,0,Spring,Apartment,2,400.3,323.4
2024-04-09,28.3,50.0,0.0,Tuesday,0,Spring,Apartment,4,323.4,508.2
2024-04-10,26.0,49.8,8.3,Wednesday,0,Spring,Apartment,1,508.2,250.6
2024-04-11,23.5,56.0,0.0,Thursday,0,Spring,Villa,3,250.6,488.7
2024-04-12,20.1,56.9,0.0,Friday,0,Spring, villa ,5,488.7,799.7
2024-04-13,29.9,64.1,0.0,Saturday,1,Spring,Apartment,4,799.7,698.7
2024-04-14,33.2,26.9,2.4,Sunday,1,Spring,Apartment,2,698.7,460.9
2024-04-15,29.3,55.5,2.1,Monday,0,Spring,Apartment,2,460.9,394.3
2024-04-16,23.0,58.5,0.0,Tuesday,0,Spring,Villa,2,394.3,381.9
2024-04-17,24.3,66.7,0.0,Wednesday,0,Spring,Villa,5,381.9,740.3
2024-04-18,26.4,44.0,0.0,Thursday,0,Spring,Villa,5,740.3,881.7
2024-04-19,22.2,65.8,16.1,Friday,0,Spring,Apartment,4,881.7,616.6
20/04/2024,20.1,60.6,0.0,Saturday,1,Spring,Villa,2,616.6,484.6
2024-04-21,21.0,95.0,0.0,Sunday,1,Spring,Apartment,1,484.6,222.3
2024-04-22,29.0,56.1,0.0,Monday,0,Spring,Villa,4,222.3,648.4
2024-04-23,18.2,57.0,0.0,Tuesday,0,Spring,Apartment,1,648.4,236.9
2024-04-24,25.7,61.5,0.0,Wednesday,0,Spring,Villa,4,236.9,601.6
2024-04-25,29.3,34.8,0.0,Thursday,0,Spring,Apartment,4,601.6,612.8
2024-04-26,32.5,62.3,0.0,Friday,0,Spring,Apartment,1,612.8,314.2
2024-04-27,,40.6,0.0,Saturday,1,Spring,Commercial,15,314.2,1002.7
2024-04-28,22.6,56.1,0.0,Sunday,1,Spring,Villa,5,1002.7,962.1
2024-04-29,26.5,52.4,0.0,Monday,0,Spring,Commercial,22,962.1,1699.2
2024-04-30,26.2,30.7,28.8,Tuesday,0,Spring,Apartment,2,1699.2,666.4
2024-05-01,27.4,63.1,0.0,Wednesday,0,Spring,Apartment,1,666.4,312.9
2024-05-02,26.6,43.6,7.3,Thursday,0,Spring,Villa,6,312.9,830.1
2024-05-03,15.0,65.7,0.0,Friday,0,Spring,Apartment,3,830.1,501.2
2024-05-04,21.7,33.4,0.0,Saturday,1,Spring,Apartment,4,501.2,552.7
05/05/2024,30.3,57.9,11.3,Sunday,1,Spring,Villa,5,552.7,799.6
2024-05-06,22.8,50.9,7.1,Monday,0,Spring,Villa,5,799.6,842.9
2024-05-07,24.0,55.0,0.0,Tuesday,0,Spring,Villa,6,842.9,1010.2
2024-05-08,20.2,66.4,0.0,Wednesday,0,Spring, villa ,2,1010.2,474.0
2024-05-09,21.4,49.5,0.0,Thursday,0,Spring,Apartment,1,474.0,223.3
2024-05-10,,69.2,0.0,Friday,0,Spring,Villa,3,223.3,517.5
2024-05-11,27.5,52.6,0.0,Saturday,1,Spring,Apartment,1,517.5,320.7
2024-05-12,25.9,53.3,6.9,Sunday,1,Spring,Apartment,2,320.7,315.3
2024-05-13,28.1,46.6,0.0,Monday,0,Spring,Apartment,2,315.3,313.3
2024-05-14,25.0,74.5,0.0,Tuesday,0,Spring,Apartment,1,313.3,202.4
2024-05-15,23.7,33.5,0.0,Wednesday,0,Spring,Apartment,4,202.4,480.8
2024-05-16,15.2,48.5,0.0,Thursday,0,Spring,Apartment,3,480.8,421.1
2024-05-17,30.6,57.1,0.0,Friday,0,Spring,Commercial,6,421.1,537.0
2024-05-18,24.8,61.0,0.0,Saturday,1,Spring,Villa,2,537.0,460.9
2024-05-19,24.7,48.8,0.0,Sunday,1,Spring,Apartment,3,460.9,477.1
20/05/2024,23.1,60.6,0.0,Monday,0,Spring,Villa,5,477.1,788.4
2024-05-21,30.5,48.8,0.0,Tuesday,0,Spring,Apartment,2,788.4,436.6
2024-05-22,33.9,52.9,0.0,Wednesday,0,Spring,Villa,6,436.6,946.8
2024-05-23,22.5,59.0,0.0,Thursday,0,Spring,Commercial,9,946.8,843.5
2024-05-24,33.8,43.9,0.0,Friday,0,Spring,Apartment,3,843.5,568.6
2024-05-25,25.6,56.0,0.0,Saturday,1,Spring,Villa,5,568.6,848.4
2024-05-26,29.8,41.9,0.0,Sunday,1,Spring,Commercial,21,848.4,1503.8
2024-05-27,35.3,42.3,1.4,Monday,0,Spring,Apartment,2,1503.8,654.4
2024-05-28,31.5,32.7,0.0,Tuesday,0,Spring,Villa,4,654.4,731.5
2024-05-29,32.7,38.1,19.2,Wednesday,0,Spring,Apartment,2,731.5,441.7
2024-05-30,24.3,46.6,0.0,Thursday,0,Spring,Apartment,4,441.7,552.8
2024-05-31,25.1,47.8,0.0,Friday,0,Spring,Villa,2,552.8,448.5
2024-06-01,32.2,46.4,0.0,Saturday,1,Summer,Apartment,4,448.5,571.5
2024-06-02,32.7,44.8,1.0,Sunday,1,Summer,Villa,3,571.5,636.1
2024-06-03,30.4,38.0,0.0,Monday,0,Summer,Apartment,2,636.1,388.6
04/06/2024,36.5,62.2,3.6,Tuesday,0,Summer,Apartment,1,388.6,244.1
2024-06-05,34.4,43.4,0.0,Wednesday,0,Summer,Apartment,4,244.1,543.4
2024-06-06,35.0,67.7,0.0,Thursday,0,Summer,Apartment,1,543.4,274.0
2024-06-07,32.6,49.9,0.0,Friday,0,Summer,Apartment,2,274.0,335.2
2024-06-08,30.2,51.6,0.0,Saturday,1,Summer,Commercial,24,335.2,1541.0
2024-06-09,38.2,59.3,0.0,Sunday,1,Summer,Apartment,3,1541.0,773.3
2024-06-10,44.2,36.7,0.0,Monday,0,Summer,Villa,4,773.3,842.6
2024-06-11,32.4,56.2,0.0,Tuesday,0,Summer,Apartment,4,842.6,654.2
2024-06-12,30.7,63.6,0.0,Wednesday,0,Summer,Apartment,1,654.2,314.9
2024-06-13,34.2,42.0,9.7,Thursday,0,Summer,Apartment,2,314.9,304.3
2024-06-14,21.3,67.8,0.0,Friday,0,Summer,Apartment,4,304.3,483.4
2024-06-15,41.1,50.3,0.0,Saturday,1,Summer,Apartment,2,483.4,447.8
2024-06-16,33.2,52.8,0.0,Sunday,1,Summer,Villa,4,447.8,731.3
2024-06-17,32.6,37.6,7.8,Monday,0,Summer,Apartment,1,731.3,331.2
2024-06-18,33.5,62.2,0.0,Tuesday,0,Summer,Commercial,7,331.2,596.7
19/06/2024,30.1,51.3,0.0,Wednesday,0,Summer,Villa,2,596.7,479.7
2024-06-20,41.6,47.3,4.3,Thursday,0,Summer,Apartment,1,479.7,316.5
2024-06-21,28.7,42.6,0.0,Friday,0,Summer,Apartment,4,316.5,524.0
2024-06-22,38.6,41.7,0.0,Saturday,1,Summer,Villa,4,524.0,790.5
2024-06-23,38.3,50.7,0.0,Sunday,1,Summer,Apartment,2,790.5,511.4
2024-06-24,30.0,54.0,0.0,Monday,0,Summer,Apartment,3,511.4,485.2
2024-06-25,33.4,55.3,0.0,Tuesday,0,Summer,Apartment,1,485.2,300.1
2024-06-26,39.0,30.1,0.0,Wednesday,0,Summer,Apartment,2,300.1,348.7
2024-06-27,35.8,50.6,0.0,Thursday,0,Summer,Commercial,7,348.7,578.8
2024-06-28,38.9,46.7,0.0,Friday,0,Summer,Apartment,1,578.8,327.4
2024-06-29,34.2,44.4,0.0,Saturday,1,Summer,Villa,6,327.4,955.0
2024-06-30,33.4,51.7,0.0,Sunday,1,Summer,Villa,2,955.0,631.0
2024-07-01,41.2,42.3,0.0,Monday,0,Summer,Apartment,1,631.0,372.8
2024-07-02,34.5,53.3,8.2,Tuesday,0,Summer,Villa,3,372.8,529.9
2024-07-03,27.9,61.1,0.0,Wednesday,0,Summer,Villa,6,529.9,953.1
04/07/2024,35.8,71.1,0.0,Thursday,0,Summer,Apartment,1,953.1,411.4
2024-07-05,36.6,41.3,0.0,Friday,0,Summer,Villa,3,411.4,568.0
2024-07-06,39.8,35.2,0.0,Saturday,1,Summer,Apartment,1,568.0,369.1
2024-07-07,37.2,52.7,0.0,Sunday,1,Summer,Apartment,1,369.1,290.2
2024-07-08,29.4,57.5,0.0,Monday,0,Summer,Apartment,1,290.2,194.6
2024-07-09,24.0,50.9,0.0,Tuesday,0,Summer,Apartment,2,194.6,260.6
2024-07-10,39.4,30.3,0.0,Wednesday,0,Summer,Villa,3,260.6,513.6
2024-07-11,37.1,47.0,0.0,Thursday,0,Summer,Commercial,10,513.6,851.6
2024-07-12,40.5,33.8,0.0,Friday,0,Summer,Commercial,20,851.6,1586.2
2024-07-13,33.3,33.2,0.0,Saturday,1,Summer,Apartment,4,1586.2,876.3
2024-07-14,37.0,42.5,0.0,Sunday,1,Summer,Apartment,4,876.3,714.7
2024-07-15,30.1,41.2,0.0,Monday,0,Summer,Villa,3,714.7,643.1
2024-07-16,31.4,49.1,0.0,Tuesday,0,Summer,Villa,6,643.1,958.5
2024-07-17,37.0,35.8,15.3,Wednesday,0,Summer,Apartment,2,958.5,523.4
2024-07-18,32.0,33.7,0.0,Thursday,0,Summer,Apartment,2,523.4,376.5
19/07/2024,30.2,50.7,0.0,Friday,0,Summer,Commercial,24,376.5,1646.8
2024-07-20,35.5,58.7,0.0,Saturday,1,Summer,Apartment,2,1646.8,729.3
2024-07-21,27.6,54.5,0.0,Sunday,1,Summer,Apartment,3,729.3,550.1
2024-07-22,36.8,22.6,0.0,Monday,0,Summer,Apartment,1,550.1,312.5
2024-07-23,35.3,44.1,0.0,Tuesday,0,Summer,Apartment,4,312.5,544.3
2024-07-24,30.0,53.2,0.0,Wednesday,0,Summer,Apartment,4,544.3,590.8
2024-07-25,35.4,40.9,0.2,Thursday,0,Summer,Apartment,1,590.8,316.5
2024-07-26,36.8,37.9,1.7,Friday,0,Summer,Apartment,1,316.5,253.4
2024-07-27,33.6,73.3,0.0,Saturday,1,Summer,Apartment,3,253.4,425.5
2024-07-28,30.8,19.5,0.0,Sunday,1,Summer,Apartment,2,425.5,372.5
2024-07-29,32.3,26.7,0.0,Monday,0,Summer,Apartment,3,372.5,502.4
2024-07-30,40.1,28.0,0.0,Tuesday,0,Summer,Apartment,3,502.4,521.9
2024-07-31,31.9,95.0,3.9,Wednesday,0,Summer,Apartment,4,521.9,571.5
2024-08-01,38.4,,0.0,Thursday,0,Summer,Commercial,15,571.5,1217.1
2024-08-02,29.7,55.7,0.0,Friday,0,Summer,Apartment,3,1217.1,649.2
03/08/2024,32.1,58.3,0.0,Saturday,1,Summer,Apartment,1,649.2,335.9
2024-08-04,33.9,57.4,0.0,Sunday,1,Summer,Villa,3,335.9,594.8
2024-08-05,37.0,41.8,0.0,Monday,0,Summer,Villa,3,594.8,633.6
2024-08-06,35.7,41.1,0.0,Tuesday,0,Summer,Apartment,2,633.6,418.9
2024-08-07,33.4,45.9,0.0,Wednesday,0,Summer,Apartment,1,418.9,250.9
2024-08-08,28.3,54.9,0.0,Thursday,0,Summer,Villa,5,250.9,770.1
2024-08-09,35.6,47.7,0.0,Friday,0,Summer,Villa,3,770.1,663.6
2024-08-10,32.1,44.0,0.8,Saturday,1,Summer,Villa,4,663.6,779.1
2024-08-11,32.9,74.4,0.0,Sunday,1,Summer,Villa,2,779.1,591.0
2024-08-12,33.7,60.4,0.0,Monday,0,Summer,Apartment,2,591.0,407.2
2024-08-13,39.5,55.2,0.0,Tuesday,0,Summer,Commercial,6,407.2,558.1
2024-08-14,,41.3,0.0,Wednesday,0,Summer,Villa,5,558.1,905.2
2024-08-15,35.5,63.3,0.0,Thursday,0,Summer,Apartment,4,905.2,700.4
2024-08-16,35.5,30.0,0.0,Friday,0,Summer,Apartment,1,700.4,337.5
2024-08-17,31.6,36.8,0.0,Saturday,1,Summer,Villa,3,337.5,597.0
18/08/2024,38.7,35.8,0.0,Sunday,1,Summer,Apartment,1,597.0,362.2
2024-08-19,28.6,48.2,0.0,Monday,0,Summer,Villa,2,362.2,423.4
2024-08-20,33.8,60.0,0.0,Tuesday,0,Summer,Apartment,1,423.4,267.3
2024-08-21,35.3,69.1,7.7,Wednesday,0,Summer,Apartment,1,267.3,250.2
2024-08-22,33.4,39.1,0.0,Thursday,0,Summer,Villa,2,250.2,403.1
2024-08-23,23.2,60.2,0.0,Friday,0,Summer,Apartment,3,403.1,442.4
2024-08-24,33.0,36.6,0.0,Saturday,1,Summer,Commercial,16,442.4,1120.8
2024-08-25,28.3,65.0,0.0,Sunday,1,Summer,Apartment,2,1120.8,548.3
2024-08-26,41.6,33.0,0.0,Monday,0,Summer,VILLA,11,548.3,937.2
2024-08-27,34.1,57.2,0.0,Tuesday,0,Summer,Apartment,1,937.2,396.9
2024-08-28,32.9,55.0,,Wednesday,0,Summer,Villa,5,396.9,809.9
2024-08-29,26.8,80.9,1.4,Thursday,0,Summer,Apartment,4,809.9,608.7
2024-08-30,34.9,55.9,0.0,Friday,0,Summer,Villa,4,608.7,788.4
2024-08-31,35.0,54.3,0.9,Saturday,1,Summer,Apartment,3,788.4,592.2
2024-09-01,33.8,39.7,0.0,Sunday,1,Autumn,Villa,6,592.2,1008.0
02/09/2024,29.4,67.1,0.0,Monday,0,Autumn,Apartment,4,1008.0,708.6
2024-09-03,23.9,34.2,0.0,Tuesday,0,Autumn,Apartment,2,708.6,420.3
2024-09-04,14.5,67.9,0.0,Wednesday,0,Autumn,Villa,6,420.3,910.0
2024-09-05,28.7,41.9,0.0,Thursday,0,Autumn,Apartment,3,910.0,541.0
2024-09-06,,34.6,0.0,Friday,0,Autumn,Villa,3,541.0,533.6
2024-09-07,28.2,31.3,0.0,Saturday,1,Autumn,Villa,2,533.6,501.6
2024-09-08,17.0,63.8,0.0,Sunday,1,Autumn,Apartment,4,501.6,558.5
2024-09-09,31.0,63.4,24.7,Monday,0,Autumn,Villa,4,558.5,670.5
2024-09-10,26.6,40.5,0.0,Tuesday,0,Autumn,Villa,3,670.5,646.0
2024-09-11,26.8,50.2,0.0,Wednesday,0,Autumn,Villa,4,646.0,739.0
2024-09-12,19.2,82.4,0.0,Thursday,0,Autumn,Apartment,2,739.0,385.0
2024-09-13,28.6,58.1,0.0,Friday,0,Autumn,Commercial,19,385.0,1353.9
2024-09-14,27.6,53.8,0.0,Saturday,1,Autumn,Villa,3,1353.9,794.4
2024-09-15,18.8,39.2,0.0,Sunday,1,Autumn,Apartment,4,794.4,627.4
2024-09-16,26.3,74.0,0.0,Monday,0,Autumn,Apartment,2,627.4,369.9
17/09/2024,21.4,41.3,0.0,Tuesday,0,Autumn,Villa,2,369.9,394.7
2024-09-18,18.8,61.2,0.0,Wednesday,0,Autumn,Commercial ,2,394.7,407.3
2024-09-19,24.7,56.4,0.0,Thursday,0,Autumn,Villa,2,407.3,422.7
2024-09-20,26.0,35.2,0.0,Friday,0,Autumn,Villa,2,422.7,427.0
2024-09-21,22.0,50.7,0.0,Saturday,1,Autumn,Villa,6,427.0,918.3
2024-09-22,26.0,50.1,0.0,Sunday,1,Autumn,Villa,2,918.3,579.6
2024-09-23,27.6,38.8,0.0,Monday,0,Autumn,Apartment,3,579.6,481.7
2024-09-24,24.4,32.3,0.0,Tuesday,0,Autumn,Commercial,5,481.7,476.8
2024-09-25,24.6,90.3,4.7,Wednesday,0,Autumn,Apartment,1,476.8,199.4
2024-09-26,23.3,61.6,2.7,Thursday,0,Autumn,Villa,2,199.4,318.5
2024-09-27,19.5,52.7,0.0,Friday,0,Autumn,Apartment,4,318.5,483.1
2024-09-28,24.3,40.1,0.0,Saturday,1,Autumn,Apartment,1,483.1,282.2
2024-09-29,25.0,49.7,0.0,Sunday,1,Autumn,Apartment,4,282.2,516.5
2024-09-30,27.6,60.7,0.0,Monday,0,Autumn,Apartment,2,516.5,363.6
2024-10-01,20.4,29.2,1.7,Tuesday,0,Autumn,Villa,4,363.6,645.7
02/10/2024,22.5,46.9,0.0,Wednesday,0,Autumn,Apartment,1,645.7,281.7
2024-10-03,23.5,67.1,0.0,Thursday,0,Autumn,Commercial,15,281.7,1000.7
2024-10-04,33.3,57.4,0.0,Friday,0,Autumn,Villa,4,1000.7,835.6
2024-10-05,20.5,68.3,0.9,Saturday,1,Autumn,Villa,2,835.6,534.1
2024-10-06,13.5,57.3,0.0,Sunday,1,Autumn,Apartment,2,534.1,368.3
2024-10-07,22.3,54.9,0.0,Monday,0,Autumn,Villa,4,368.3,638.2
2024-10-08,29.9,50.2,0.0,Tuesday,0,Autumn,Apartment,2,638.2,387.0
2024-10-09,31.1,46.4,0.0,Wednesday,0,Autumn,Apartment,3,387.0,444.8
2024-10-10,20.0,69.8,17.8,Thursday,0,Autumn,Apartment,3,444.8,397.9
2024-10-11,22.2,67.0,2.2,Friday,0,Autumn,Apartment,2,397.9,310.8
2024-10-12,31.5,63.4,12.7,Saturday,1,Autumn,Commercial ,4,310.8,546.1
2024-10-13,29.4,41.7,0.0,Sunday,1,Autumn,Apartment,1,546.1,315.6
2024-10-14,25.5,77.8,0.0,Monday,0,Autumn,Villa,3,315.6,540.1
2024-10-15,33.5,52.7,0.0,Tuesday,0,Autumn,Villa,4,540.1,783.0
2024-10-16,31.4,30.7,0.0,Wednesday,0,Autumn,Apartment,2,783.0,429.7
17/10/2024,21.1,66.0,0.0,Thursday,0,Autumn,Villa,3,429.7,543.0
2024-10-18,29.5,64.8,6.8,Friday,0,Autumn,Villa,5,543.0,805.8
2024-10-19,21.8,40.7,0.0,Saturday,1,Autumn,Villa,5,805.8,924.7
2024-10-20,26.5,62.9,0.0,Sunday,1,Autumn,Villa,2,924.7,562.6
2024-10-21,26.1,44.5,0.0,Monday,0,Autumn,VILLA,4,562.6,560.9
2024-10-22,29.6,41.7,0.0,Tuesday,0,Autumn,Apartment,1,560.9,281.7
2024-10-23,23.6,69.9,0.1,Wednesday,0,Autumn,Apartment,4,281.7,487.4
2024-10-24,18.6,73.1,0.0,Thursday,0,Autumn,Commercial,13,487.4,-99.0
2024-10-25,16.8,53.2,0.0,Friday,0,Autumn,Apartment,3,967.9,538.2
2024-10-26,22.1,56.5,7.3,Saturday,1,Autumn,Villa,6,538.2,938.2
2024-10-27,28.1,44.5,0.0,Sunday,1,Autumn,Commercial,8,938.2,671.5
2024-10-28,27.1,54.5,0.0,Monday,0,Autumn,Apartment,4,671.5,564.5
2024-10-29,16.3,55.2,0.0,Tuesday,0,Autumn,Apartment,2,564.5,324.6
2024-10-30,25.2,73.0,0.0,Wednesday,0,Autumn,Apartment,4,324.6,463.1
2024-10-31,25.8,58.6,0.0,Thursday,0,Autumn,Villa,5,463.1,765.8
01/11/2024,19.9,37.4,0.0,Friday,0,Autumn,Apartment,3,765.8,490.3
2024-11-02,32.4,63.0,6.1,Saturday,1,Autumn,Villa,2,490.3,475.3
2024-11-03,31.2,35.2,0.0,Sunday,1,Autumn,Apartment,1,475.3,270.7
2024-11-04,28.7,58.8,0.0,Monday,0,Autumn,Apartment,4,270.7,502.7
2024-11-05,32.3,54.5,0.0,Tuesday,0,Autumn,Apartment,2,502.7,378.9
2024-11-06,24.1,47.2,0.0,Wednesday,0,Autumn,Commercial,12,378.9,898.8
2024-11-07,24.1,71.9,27.5,Thursday,0,Autumn,Commercial,22,898.8,1616.2
2024-11-08,18.0,34.5,0.0,Friday,0,Autumn,Apartment,2,1616.2,571.0
2024-11-09,18.7,70.5,5.7,Saturday,1,Autumn,Villa,2,571.0,483.8
2024-11-10,25.1,63.7,19.2,Sunday,1,Autumn,Commercial,14,483.8,910.4
2024-11-11,25.4,40.4,0.0,Monday,0,Autumn,Commercial,7,910.4,696.8
2024-11-12,31.3,43.9,0.0,Tuesday,0,Autumn,Apartment,3,696.8,499.2
2024-11-13,22.7,63.9,11.7,Wednesday,0,Autumn,Apartment,3,499.2,419.9
2024-11-14,29.2,53.0,22.1,Thursday,0,Autumn,Apartment,1,419.9,242.0
2024-11-15,18.6,71.2,0.0,Friday,0,Autumn,Apartment,2,242.0,261.4
16/11/2024,19.5,58.9,0.0,Saturday,1,Autumn,Villa,3,261.4,486.1
2024-11-17,22.1,41.5,2.1,Sunday,1,Autumn,Villa,4,486.1,697.8
2024-11-18,27.6,50.1,0.5,Monday,0,Autumn,Commercial,19,697.8,1449.6
2024-11-19,21.1,62.5,13.4,Tuesday,0,Autumn,Villa,4,1449.6,905.7
2024-11-20,25.4,37.8,0.0,Wednesday,0,Autumn,Apartment,1,905.7,317.9
2024-11-21,20.4,66.9,0.0,Thursday,0,Autumn,Apartment,2,317.9,289.6
2024-11-22,15.1,59.7,0.0,Friday,0,Autumn,Apartment,2,289.6,289.2
2024-11-23,16.6,59.8,2.7,Saturday,1,Autumn,Villa,6,289.2,872.4
2024-11-24,21.0,67.3,0.0,Sunday,1,Autumn,Apartment,1,872.4,336.9
2024-11-25,28.9,75.4,0.0,Monday,0,Autumn,Commercial,23,336.9,1605.9
2024-11-26,31.8,41.0,0.0,Tuesday,0,Autumn,Villa,5,1605.9,1112.6
2024-11-27,20.6,70.3,1.5,Wednesday,0,Autumn,Apartment,4,1112.6,690.3
2024-11-28,24.7,38.6,0.0,Thursday,0,Autumn,Villa,3,690.3,625.7
2024-11-29,23.7,68.0,0.0,Friday,0,Autumn,Apartment,3,625.7,461.6
2024-11-30,32.1,59.6,0.0,Saturday,1,Autumn,Apartment,3,461.6,507.7
01/12/2024,9.7,48.0,0.0,Sunday,1,Winter,Apartment,3,507.7,433.2
2024-12-02,11.6,57.7,0.0,Monday,0,Winter,Villa,3,433.2,529.4
2024-12-03,8.7,63.4,3.5,Tuesday,0,Winter,Villa,5,529.4,793.7
2024-12-04,17.1,77.0,0.0,Wednesday,0,Winter,Apartment,2,793.7,414.6
2024-12-05,9.0,81.1,0.0,Thursday,0,Winter,Commercial,20,414.6,1389.6
2024-12-06,24.2,61.3,0.0,Friday,0,Winter,Apartment,4,1389.6,767.1
2024-12-07,12.7,72.5,0.0,Saturday,1,Winter,Apartment,1,767.1,330.4
2024-12-08,18.5,,0.0,Sunday,1,Winter,Apartment,2,330.4,309.3
2024-12-09,19.4,34.0,0.0,Monday,0,Winter,Apartment,3,309.3,403.3
2024-12-10,19.9,67.4,0.0,Tuesday,0,Winter,Villa,4,403.3,616.5
2024-12-11,12.3,65.7,,Wednesday,0,Winter,Commercial,14,616.5,1074.1
2024-12-12,14.2,63.9,0.0,Thursday,0,Winter,Apartment,1,1074.1,409.2
2024-12-13,13.9,45.6,0.8,Friday,0,Winter,Commercial,5,409.2,449.5
2024-12-14,13.5,53.6,0.0,Saturday,1,Winter,Villa,3,449.5,536.3
2024-12-15,19.0,,0.0,Sunday,1,Winter,Villa,3,536.3,563.5
16/12/2024,14.0,75.4,0.0,Monday,0,Winter,Commercial,22,563.5,1541.2
2024-12-17,17.2,53.2,0.0,Tuesday,0,Winter,Apartment,1,1541.2,504.9
2024-12-18,18.9,61.7,0.0,Wednesday,0,Winter,Apartment,4,504.9,517.1
2024-12-19,15.7,46.9,0.0,Thursday,0,Winter,Commercial,12,517.1,906.3
2024-12-20,10.8,72.1,0.0,Friday,0,Winter,Villa,2,906.3,542.8
2024-12-21,18.3,55.7,0.0,Saturday,1,Winter,Apartment,1,542.8,301.1
2024-12-22,19.3,69.5,0.0,Sunday,1,Winter,Apartment,1,301.1,221.6
2024-12-23,9.1,58.1,0.0,Monday,0,Winter,Villa,4,221.6,579.1
2024-12-24,2.3,89.5,0.0,Tuesday,0,Winter,Villa,3,579.1,513.4
2024-12-25,14.9,81.8,0.0,Wednesday,0,Winter,Villa,3,513.4,574.3
2024-12-26,14.5,43.9,,Thursday,0,Winter,Apartment,3,574.3,433.6
2024-12-27,13.8,65.2,,Friday,0,Winter,Apartment,1,433.6,215.3
2024-12-28,12.8,47.5,0.0,Saturday,1,Winter,Villa,3,215.3,454.5
2024-12-29,6.1,66.6,0.0,Sunday,1,Winter,Commercial,22,454.5,1434.8
2024-12-30,9.1,68.0,0.0,Monday,0,Winter,Apartment,1,1434.8,456.5
31/12/2024,8.1,79.3,0.0,Tuesday,0,Winter,Villa,2,456.5,398.6
2025-01-01,12.5,47.1,0.0,Wednesday,0,Winter,Villa,3,398.6,510.8
2025-01-02,11.6,51.6,0.0,Thursday,0,Winter,Villa,2,510.8,429.0
2025-01-03,17.0,62.0,0.0,Friday,0,Winter,Apartment,2,429.0,307.9
2025-01-04,17.8,60.5,6.3,Saturday,1,Winter,Apartment,4,307.9,504.3
2025-01-05,17.0,51.9,0.0,Sunday,1,Winter,Villa,3,504.3,574.6
2025-01-06,10.3,77.0,0.0,Monday,0,Winter,Villa,6,574.6,931.6
2025-01-07,20.5,55.9,0.0,Tuesday,0,Winter,Villa,4,931.6,762.4
2025-01-08,15.3,43.3,0.0,Wednesday,0,Winter,Villa,6,762.4,964.7
2025-01-09,20.3,48.9,0.4,Thursday,0,Winter,Apartment,4,964.7,621.5
2025-01-10,10.0,68.2,4.5,Friday,0,Winter,Villa,6,621.5,930.3
2025-01-11,16.0,58.2,0.0,Saturday,1,Winter,Villa,3,930.3,703.0
2025-01-12,15.5,63.5,0.0,Sunday,1,Winter,Commercial,10,703.0,748.0
2025-01-13,14.9,51.3,0.0,Monday,0,Winter,Commercial,21,748.0,1516.0
2025-01-14,20.9,41.1,0.0,Tuesday,0,Winter,Villa,5,1516.0,1056.0
15/01/2025,19.3,51.4,27.3,Wednesday,0,Winter, villa ,4,1056.0,652.2
2025-01-16,16.2,71.7,0.0,Thursday,0,Winter,Villa,5,652.2,816.7
2025-01-17,13.2,66.6,0.0,Friday,0,Winter,Apartment,2,816.7,400.7
2025-01-18,14.0,81.7,0.0,Saturday,1,Winter,Apartment,1,400.7,265.8
2025-01-19,9.5,59.2,2.5,Sunday,1,Winter,Villa,4,265.8,624.4
2025-01-20,17.7,59.6,0.0,Monday,0,Winter,apartment,1,624.4,292.3
2025-01-21,21.9,70.0,0.0,Tuesday,0,Winter,Villa,2,292.3,356.5
2025-01-22,17.4,72.9,0.0,Wednesday,0,Winter,Apartment,4,356.5,512.8
2025-01-23,20.3,60.4,0.0,Thursday,0,Winter,Apartment,1,512.8,230.3
2025-01-24,20.2,62.6,0.0,Friday,0,Winter,Apartment,2,230.3,248.5
2025-01-25,10.7,69.5,6.0,Saturday,1,Winter,Apartment,3,248.5,412.8
2025-01-26,20.1,77.3,0.0,Sunday,1,Winter,Villa,3,412.8,550.4
2025-01-27,12.1,62.0,0.0,Monday,0,Winter,Apartment,4,550.4,535.4
2025-01-28,16.0,66.4,0.0,Tuesday,0,Winter,Villa,4,535.4,652.2
2025-01-29,10.0,79.9,0.0,Wednesday,0,Winter,Apartment,2,652.2,334.6
30/01/2025,9.6,75.3,0.0,Thursday,0,Winter,Apartment,1,334.6,165.0
2025-01-31,14.4,53.3,0.0,Friday,0,Winter,Apartment,3,165.0,397.7
2025-02-01,10.5,55.5,10.0,Saturday,1,Winter,Apartment,1,397.7,216.7
2025-02-02,17.4,48.1,0.0,Sunday,1,Winter,Villa,2,216.7,387.3
2025-02-03,17.9,53.5,0.0,Monday,0,Winter,Villa,2,387.3,387.9
2025-02-04,14.3,66.2,0.0,Tuesday,0,Winter,Apartment,1,387.9,200.2
2025-02-05,15.7,81.6,0.0,Wednesday,0,Winter,Villa,6,200.2,825.2
2025-02-06,12.1,71.4,0.0,Thursday,0,Winter,Apartment,2,825.2,379.1
2025-02-07,13.0,76.4,0.0,Friday,0,Winter,Villa,2,379.1,400.5
2025-02-08,14.7,65.6,0.0,Saturday,1,Winter,Villa,2,400.5,423.0
2025-02-09,18.2,,0.0,Sunday,1,Winter,Villa,2,423.0,405.4
2025-02-10,10.6,51.5,0.0,Monday,0,Winter,Apartment,4,405.4,505.1
2025-02-11,3.6,70.3,0.0,Tuesday,0,Winter,Apartment,4,505.1,550.4
2025-02-12,16.0,57.0,0.0,Wednesday,0,Winter,Villa,6,550.4,902.3
2025-02-13,17.4,50.7,0.0,Thursday,0,Winter,Apartment,1,902.3,314.4
14/02/2025,17.9,47.5,0.0,Friday,0,Winter,Villa,2,314.4,395.2
2025-02-15,12.0,74.0,0.0,Saturday,1,Winter,Villa,2,395.2,406.4
2025-02-16,16.1,51.3,0.0,Sunday,1,Winter,Apartment,4,406.4,547.2
2025-02-17,18.1,74.7,0.0,Monday,0,Winter,Commercial,22,547.2,1535.9
2025-02-18,20.5,39.6,0.0,Tuesday,0,Winter,Apartment,1,1535.9,455.8
2025-02-19,12.7,78.1,0.0,Wednesday,0,Winter,Apartment,4,455.8,512.1
2025-02-20,19.4,67.6,0.0,Thursday,0,Winter,Apartment,1,512.1,241.6
2025-02-21,13.3,59.1,0.0,Friday,0,Winter,Commercial,21,241.6,1438.6
2025-02-22,11.8,75.3,0.0,Saturday,1,Winter,Villa,4,1438.6,927.0
2025-02-23,27.5,54.2,0.0,Sunday,1,Winter,Villa,4,927.0,846.4
2025-02-24,29.6,62.1,0.0,Monday,0,Winter,Villa,4,846.4,763.3
2025-02-25,20.7,48.8,0.0,Tuesday,0,Winter,Villa,2,763.3,463.7
2025-02-26,18.1,34.7,0.0,Wednesday,0,Winter,Villa,5,463.7,806.4
2025-02-27,17.8,63.6,0.0,Thursday,0,Winter,Apartment,1,806.4,311.6
2025-02-28,20.4,70.9,0.0,Friday,0,Winter,Apartment,4,311.6,485.9
01/03/2025,32.9,54.7,0.0,Saturday,1,Spring,VILLA,3,485.9,518.0
2025-03-02,22.9,70.8,0.0,Sunday,1,Spring,Villa,4,518.0,706.2
2025-03-03,19.4,56.0,0.0,Monday,0,Spring,Apartment,4,706.2,593.1
2025-03-04,25.9,57.2,0.0,Tuesday,0,Spring,Apartment,4,593.1,568.3
2025-03-05,28.8,48.1,0.0,Wednesday,0,Spring,Villa,4,568.3,687.3
2025-03-06,29.9,48.8,0.0,Thursday,0,Spring,Apartment,3,687.3,538.1
2025-03-07,20.0,47.0,0.0,Friday,0,Spring,Apartment,3,538.1,431.8
2025-03-08,36.2,42.7,0.0,Saturday,1,Spring,VILLA,18,431.8,1265.3
2025-03-09,25.6,40.2,0.0,Sunday,1,Spring,Villa,5,1265.3,1010.2
2025-03-10,33.9,45.8,0.0,Monday,0,Spring,Apartment,3,1010.2,629.1
2025-03-11,28.7,63.5,0.0,Tuesday,0,Spring,Villa,6,629.1,992.5
2025-03-12,20.3,45.0,0.0,Wednesday,0,Spring,Apartment,1,992.5,362.9
2025-03-13,26.8,67.8,0.0,Thursday,0,Spring,Villa,4,362.9,642.2
2025-03-14,25.0,58.9,0.0,Friday,0,Spring,Apartment,1,642.2,277.5
2025-03-15,28.3,48.0,11.7,Saturday,1,Spring,Villa,2,277.5,439.1
16/03/2025,31.6,59.4,0.0,Sunday,1,Spring,Villa,4,439.1,727.1
2025-03-17,29.4,50.2,0.0,Monday,0,Spring,Villa,2,727.1,499.2
2025-03-18,28.3,,0.0,Tuesday,0,Spring,Apartment,4,499.2,554.3
2025-03-19,24.9,51.8,0.0,Wednesday,0,Spring,Apartment,2,554.3,343.9
2025-03-20,26.2,53.6,0.0,Thursday,0,Spring,Commercial,12,343.9,887.8
2025-03-21,20.7,78.7,0.0,Friday,0,Spring,Villa,5,887.8,871.2
2025-03-22,24.5,60.8,0.0,Saturday,1,Spring,Villa,6,871.2,1026.4
2025-03-23,26.0,40.6,0.0,Sunday,1,Spring,Apartment,4,1026.4,713.8
2025-03-24,20.8,33.3,0.1,Monday,0,Spring,Commercial,8,713.8,710.3
2025-03-25,21.1,55.7,0.0,Tuesday,0,Spring,Villa,2,710.3,459.8
2025-03-26,27.1,38.5,4.0,Wednesday,0,Spring,Villa,2,459.8,430.3
2025-03-27,26.7,59.9,0.0,Thursday,0,Spring,Apartment,2,430.3,340.6
2025-03-28,,68.6,0.0,Friday,0,Spring,Apartment,3,340.6,401.5
2025-03-29,31.0,45.4,0.0,Saturday,1,Spring,Villa,5,401.5,859.9
2025-03-30,24.9,63.3,0.0,Sunday,1,Spring,Commercial,5,859.9,445.0
31/03/2025,22.0,58.8,0.0,Monday,0,Spring,Apartment,4,445.0,525.5
2025-04-01,21.5,47.3,1.1,Tuesday,0,Spring,Commercial,17,525.5,1207.7
2025-04-02,18.1,75.2,0.0,Wednesday,0,Spring,VILLA,3,1207.7,606.1
2025-04-03,24.3,44.6,0.0,Thursday,0,Spring,Apartment,4,606.1,594.6
2025-04-04,30.5,52.9,0.0,Friday,0,Spring,Apartment,3,594.6,482.4
2025-04-05,23.4,76.8,0.0,Saturday,1,Spring,Commercial,16,482.4,1054.8
2025-04-06,25.6,49.9,0.0,Sunday,1,Spring,Villa,2,1054.8,584.5
2025-04-07,24.5,70.2,0.0,Monday,0,Spring,Apartment,1,584.5,258.6
2025-04-08,21.6,62.7,0.0,Tuesday,0,Spring,Apartment,3,258.6,389.4
2025-04-09,19.2,68.5,0.0,Wednesday,0,Spring,Apartment,1,389.4,166.3
2025-04-10,17.9,54.6,0.0,Thursday,0,Spring,Apartment,4,166.3,439.8
2025-04-11,25.2,51.7,0.0,Friday,0,Spring,Apartment,4,439.8,520.5
2025-04-12,20.1,86.5,0.0,Saturday,1,Spring,Apartment,4,520.5,595.0
2025-04-13,18.9,38.3,0.0,Sunday,1,Spring,Apartment,4,595.0,570.9
2025-04-14,27.5,33.7,0.0,Monday,0,Spring,Apartment,1,570.9,254.2
15/04/2025,23.4,54.0,0.0,Tuesday,0,Spring,Apartment,3,254.2,372.6
2025-04-16,33.5,54.5,0.0,Wednesday,0,Spring,Apartment,3,372.6,446.9
2025-04-17,24.4,74.8,3.0,Thursday,0,Spring,Apartment,3,446.9,423.9
2025-04-18,13.8,,0.0,Friday,0,Spring,Apartment,1,423.9,224.7
2025-04-19,31.2,56.7,0.0,Saturday,1,Spring,Apartment,1,224.7,260.1
2025-04-20,20.2,48.6,22.6,Sunday,1,Spring,Apartment,1,260.1,202.6
2025-04-21,26.2,44.2,0.8,Monday,0,Spring,Villa,6,202.6,832.1
2025-04-22,24.4,79.0,0.0,Tuesday,0,Spring,Apartment,4,832.1,639.7
2025-04-23,26.5,41.9,0.0,Wednesday,0,Spring,Commercial,6,639.7,567.3
2025-04-24,25.6,55.4,0.0,Thursday,0,Spring,Villa,4,567.3,717.7
2025-04-25,21.5,53.2,0.0,Friday,0,Spring,Villa,6,717.7,971.8
2025-04-26,25.7,52.1,0.0,Saturday,1,Spring,Apartment,2,971.8,487.5
2025-04-27,19.6,60.0,0.0,Sunday,1,Spring,Villa,3,487.5,583.8
2025-04-28,22.2,73.9,0.0,Monday,0,Spring,Apartment,4,583.8,563.2
2025-04-29,28.0,60.6,0.0,Tuesday,0,Spring,Villa,6,563.2,958.3
30/04/2025,21.4,60.3,0.0,Wednesday,0,Spring,Commercial,7,958.3,713.1
2025-05-01,24.0,38.5,0.0,Thursday,0,Spring,Apartment,2,713.1,372.0
2025-05-02,19.1,51.9,0.0,Friday,0,Spring,VILLA,3,372.0,394.2
2025-05-03,34.3,38.1,0.0,Saturday,1,Spring,Villa,3,394.2,594.3
2025-05-04,28.8,41.4,0.0,Sunday,1,Spring,Apartment,2,594.3,422.4
2025-05-05,18.6,54.5,0.0,Monday,0,Spring,Villa,6,422.4,897.4
2025-05-06,27.4,54.9,0.0,Tuesday,0,Spring,Villa,2,897.4,540.5
2025-05-07,24.5,56.4,0.0,Wednesday,0,Spring,Villa,3,540.5,556.2
2025-05-08,25.2,63.0,0.0,Thursday,0,Spring,Apartment,1,556.2,254.8
2025-05-09,26.3,47.0,16.3,Friday,0,Spring,Apartment,1,254.8,192.3
2025-05-10,22.1,60.3,0.0,Saturday,1,Spring,Apartment,4,192.3,492.1
2025-05-11,,36.4,0.0,Sunday,1,Spring,Villa,5,492.1,786.3
2025-05-12,19.2,53.5,0.0,Monday,0,Spring,Apartment,1,786.3,308.0
2025-05-13,29.0,65.3,0.0,Tuesday,0,Spring,Apartment,2,308.0,318.3
2025-05-14,32.8,63.6,0.0,Wednesday,0,Spring,Villa,5,318.3,781.8
15/05/2025,26.8,55.3,0.0,Thursday,0,Spring,Apartment,4,781.8,612.1
2025-05-16,19.0,63.9,0.0,Friday,0,Spring,Apartment,3,612.1,429.7
2025-05-17,34.3,30.3,0.0,Saturday,1,Spring,Commercial,18,429.7,1247.1
2025-05-18,24.4,39.4,0.0,Sunday,1,Spring,Villa,3,1247.1,764.9
2025-05-19,20.6,79.2,0.0,Monday,0,Spring,Villa,5,764.9,858.2
2025-05-20,,50.2,0.0,Tuesday,0,Spring,Apartment,1,858.2,354.5
2025-05-21,23.4,62.4,0.0,Wednesday,0,Spring,Villa,6,354.5,902.3
2025-05-22,24.4,50.6,0.0,Thursday,0,Spring,Villa,4,902.3,764.2
2025-05-23,22.1,53.0,0.0,Friday,0,Spring,Villa,2,764.2,480.6
2025-05-24,26.6,65.9,0.0,Saturday,1,Spring,Apartment,2,480.6,358.5
2025-05-25,27.6,42.6,0.0,Sunday,1,Spring,Apartment,4,358.5,534.8
2025-05-26,37.0,67.0,0.0,Monday,0,Spring,Apartment,2,534.8,407.9
2025-05-27,25.6,50.6,0.0,Tuesday,0,Spring,Apartment,4,407.9,504.3
2025-05-28,27.5,61.8,0.0,Wednesday,0,Spring,Commercial,5,504.3,463.7
2025-05-29,23.0,49.4,0.0,Thursday,0,Spring,Apartment,2,463.7,310.7
30/05/2025,26.6,45.6,0.0,Friday,0,Spring,Villa,4,310.7,619.1
2025-05-31,31.3,44.1,0.0,Saturday,1,Spring,Commercial,6,619.1,510.0
2025-06-01,35.1,50.4,0.0,Sunday,1,Summer,Apartment,3,510.0,530.4
2025-06-02,28.9,39.5,0.0,Monday,0,Summer,Villa,3,530.4,599.4
2025-06-03,24.9,44.5,0.0,Tuesday,0,Summer,Apartment,3,599.4,461.6
2025-06-04,35.3,23.3,0.0,Wednesday,0,Summer,Apartment,4,461.6,617.8
2025-06-05,35.9,52.7,0.0,Thursday,0,Summer,Villa,3,617.8,665.2
2025-06-06,39.6,53.7,0.0,Friday,0,Summer,Villa,4,665.2,800.8
2025-06-07,27.8,65.5,31.7,Saturday,1,Summer,Villa,6,800.8,997.3
2025-06-08,28.5,69.3,0.0,Sunday,1,Summer,Villa,3,997.3,738.6
2025-06-09,45.4,39.5,0.0,Monday,0,Summer,Apartment,1,738.6,430.7
2025-06-10,31.6,42.2,10.3,Tuesday,0,Summer,Villa,4,430.7,664.6
2025-06-11,39.3,49.6,0.0,Wednesday,0,Summer,Apartment,1,664.6,351.7
2025-06-12,39.6,44.2,0.0,Thursday,0,Summer,Commercial,6,351.7,604.5
2025-06-13,21.0,52.2,0.0,Friday,0,Summer,Villa,4,604.5,685.7
14/06/2025,29.9,29.5,0.0,Saturday,1,Summer,Apartment,2,685.7,455.9
2025-06-15,35.7,38.0,0.0,Sunday,1,Summer,apartment,4,455.9,608.2
2025-06-16,35.8,37.4,0.0,Monday,0,Summer,Apartment,2,608.2,433.4
2025-06-17,29.1,57.8,0.0,Tuesday,0,Summer,Apartment,2,433.4,377.7
2025-06-18,39.5,49.2,0.0,Wednesday,0,Summer,Villa,5,377.7,840.0
2025-06-19,37.2,63.0,0.0,Thursday,0,Summer,Villa,4,840.0,821.3
2025-06-20,36.8,50.2,4.6,Friday,0,Summer,Commercial,24,821.3,1816.2
2025-06-21,39.2,36.3,0.0,Saturday,1,Summer,Apartment,2,1816.2,748.5
2025-06-22,32.2,61.5,7.9,Sunday,1,Summer,Villa,5,748.5,928.7
2025-06-23,32.8,38.2,0.0,Monday,0,Summer,Apartment,2,928.7,492.3
2025-06-24,37.6,72.4,0.0,Tuesday,0,Summer,Apartment,3,492.3,510.3
2025-06-25,27.5,59.3,0.0,Wednesday,0,Summer,Villa,5,510.3,766.8
2025-06-26,35.1,61.8,0.0,Thursday,0,Summer,Villa,6,766.8,1021.5
2025-06-27,34.8,37.7,0.0,Friday,0,Summer,Villa,2,1021.5,622.4
2025-06-28,34.6,39.1,0.0,Saturday,1,Summer,Apartment,4,622.4,648.0
29/06/2025,36.7,47.3,0.0,Sunday,1,Summer,Apartment,4,648.0,677.6
2025-06-30,32.9,62.2,0.0,Monday,0,Summer,Apartment,4,677.6,607.9
2025-07-01,33.4,66.5,6.8,Tuesday,0,Summer,Apartment,4,607.9,619.7
2025-07-02,33.2,58.5,0.0,Wednesday,0,Summer,  Apartment ,3,619.7,508.5
2025-07-03,32.5,41.0,0.0,Thursday,0,Summer,Commercial,18,508.5,1341.6
2025-07-04,31.4,37.2,0.0,Friday,0,Summer,Villa,4,1341.6,933.0
2025-07-05,28.9,37.0,0.0,Saturday,1,Summer,Villa,2,933.0,588.0
2025-07-06,37.0,58.4,0.0,Sunday,1,Summer,Villa,6,588.0,1004.1
2025-07-07,40.9,40.9,0.0,Monday,0,Summer,Commercial,21,1004.1,1700.9
2025-07-08,43.8,46.1,0.0,Tuesday,0,Summer,Apartment,3,1700.9,801.6
2025-07-09,34.8,41.8,0.0,Wednesday,0,Summer,Villa,6,801.6,1012.6
2025-07-10,35.2,71.0,0.0,Thursday,0,Summer,Apartment,1,1012.6,435.4
2025-07-11,37.5,45.4,0.0,Friday,0,Summer,Apartment,4,435.4,573.2
2025-07-12,34.4,48.3,0.0,Saturday,1,Summer,Villa,2,573.2,508.3
2025-07-13,34.9,38.3,0.0,Sunday,1,Summer,Apartment,2,508.3,387.0
14/07/2025,39.6,56.3,0.0,Monday,0,Summer,Apartment,4,387.0,583.4
2025-07-15,36.1,52.4,0.0,Tuesday,0,Summer,Villa,6,583.4,975.9
2025-07-16,32.8,35.5,0.0,Wednesday,0,Summer,Apartment,3,975.9,597.4
2025-07-17,39.3,29.6,0.0,Thursday,0,Summer,Apartment,4,597.4,634.3
2025-07-18,35.3,69.5,7.8,Friday,0,Summer,Commercial,19,634.3,1441.3
2025-07-19,32.5,51.6,0.0,Saturday,1,Summer,Apartment,4,1441.3,868.8
2025-07-20,38.7,50.4,0.0,Sunday,1,Summer,Villa,5,868.8,1010.9
2025-07-21,34.3,31.0,19.7,Monday,0,Summer,Apartment,2,1010.9,487.0
2025-07-22,34.1,49.6,0.0,Tuesday,0,Summer,Apartment,3,487.0,477.6
2025-07-23,35.7,49.9,0.0,Wednesday,0,Summer,Apartment,3,477.6,503.3
2025-07-24,33.9,37.9,0.0,Thursday,0,Summer,Apartment,4,503.3,560.6
2025-07-25,27.3,41.2,0.0,Friday,0,Summer,Apartment,3,560.6,453.1
2025-07-26,39.3,28.2,0.0,Saturday,1,Summer,Apartment,2,453.1,434.0
2025-07-27,35.3,44.4,0.0,Sunday,1,Summer,Villa,2,434.0,473.2
2025-07-28,34.8,64.2,1.3,Monday,0,Summer,Villa,6,473.2,963.5
29/07/2025,41.5,16.3,0.0,Tuesday,0,Summer,Villa,3,963.5,764.1
2025-07-30,41.4,41.6,0.0,Wednesday,0,Summer,Villa,2,764.1,616.7
2025-07-31,30.3,59.5,0.0,Thursday,0,Summer,Apartment,1,616.7,272.5
2025-08-01,41.7,19.8,0.0,Friday,0,Summer,Apartment,2,272.5,388.3
2025-08-02,34.0,48.5,0.0,Saturday,1,Summer,Villa,4,388.3,718.0
2025-08-03,26.8,51.1,0.0,Sunday,1,Summer,Apartment,1,718.0,346.5
2025-08-04,31.3,47.6,0.0,Monday,0,Summer,Villa,4,346.5,697.7
2025-08-05,28.4,30.2,0.0,Tuesday,0,Summer,Villa,2,697.7,469.2
2025-08-06,26.1,57.3,0.0,Wednesday,0,Summer,Apartment,3,469.2,432.2
2025-08-07,34.0,54.7,0.0,Thursday,0,Summer,Apartment,4,432.2,545.9
2025-08-08,34.8,23.6,5.5,Friday,0,Summer,Villa,3,545.9,578.5
2025-08-09,33.6,48.5,2.0,Saturday,1,Summer,Apartment,3,578.5,515.5
2025-08-10,32.1,52.8,0.0,Sunday,1,Summer,Apartment,1,515.5,338.5
2025-08-11,41.2,31.2,0.0,Monday,0,Summer,Villa,6,338.5,968.8
2025-08-12,44.8,25.7,0.0,Tuesday,0,Summer,Villa,2,968.8,612.3
13/08/2025,39.7,52.3,0.0,Wednesday,0,Summer,Villa,4,612.3,795.5
2025-08-14,36.8,57.3,0.0,Thursday,0,Summer,Villa,2,795.5,549.3
2025-08-15,39.2,56.3,0.0,Friday,0,Summer,Commercial,16,549.3,1242.7
2025-08-16,41.0,35.0,0.0,Saturday,1,Summer,Apartment,4,1242.7,813.1
2025-08-17,34.2,64.4,0.0,Sunday,1,Summer,Apartment,2,813.1,478.4
2025-08-18,33.1,50.6,0.0,Monday,0,Summer,Apartment,2,478.4,361.8
2025-08-19,37.5,34.5,7.7,Tuesday,0,Summer,Villa,6,361.8,904.0
2025-08-20,36.0,37.7,0.0,Wednesday,0,Summer,Villa,5,904.0,945.4
2025-08-21,40.5,34.4,0.0,Thursday,0,Summer,Villa,6,945.4,1096.0
2025-08-22,37.4,51.5,0.2,Friday,0,Summer,Apartment,1,1096.0,423.7
2025-08-23,31.6,41.2,0.0,Saturday,1,Summer,Villa,5,423.7,873.1
2025-08-24,35.4,37.5,,Sunday,1,Summer,Villa,3,873.1,725.0
2025-08-25,31.4,61.7,4.6,Monday,0,Summer,Apartment,3,725.0,562.4
2025-08-26,33.9,51.0,0.0,Tuesday,0,Summer,Apartment,2,562.4,389.6
2025-08-27,27.4,68.7,0.2,Wednesday,0,Summer,Apartment,2,389.6,325.1
28/08/2025,29.2,42.3,0.0,Thursday,0,Summer,Commercial,18,325.1,1292.6
2025-08-29,30.3,62.3,5.9,Friday,0,Summer,Apartment,4,1292.6,760.7
2025-08-30,28.1,47.3,0.0,Saturday,1,Summer,Villa,6,760.7,1044.5
2025-08-31,30.5,63.7,0.0,Sunday,1,Summer,Apartment,4,1044.5,751.9
2025-09-01,18.0,48.4,0.0,Monday,0,Autumn,Apartment,4,751.9,564.1
2025-09-02,27.0,66.9,2.8,Tuesday,0,Autumn,Villa,6,564.1,940.6
2025-09-03,21.3,52.8,0.0,Wednesday,0,Autumn,Apartment,2,940.6,448.3
2025-09-04,24.2,39.3,0.0,Thursday,0,Autumn,Villa,3,448.3,542.7
2025-09-05,27.7,40.0,0.0,Friday,0,Autumn,Apartment,4,542.7,567.6
2025-09-06,23.5,44.8,0.0,Saturday,1,Autumn,Villa,5,567.6,864.3
2025-09-07,15.2,47.0,0.0,Sunday,1,Autumn,Commercial ,3,864.3,569.6
2025-09-08,18.7,62.5,0.0,Monday,0,Autumn,Commercial,17,569.6,1202.2
2025-09-09,27.0,30.2,0.0,Tuesday,0,Autumn,Apartment,3,1202.2,604.2
2025-09-10,24.0,60.6,1.2,Wednesday,0,Autumn,Apartment,2,604.2,364.0
2025-09-11,27.1,42.3,0.0,Thursday,0,Autumn,Apartment,2,364.0,310.1
12/09/2025,31.2,66.3,0.0,Friday,0,Autumn,Villa,2,310.1,419.2
2025-09-13,18.9,56.9,0.0,Saturday,1,Autumn,Villa,6,419.2,916.0
2025-09-14,28.4,83.1,7.6,Sunday,1,Autumn,Villa,4,916.0,836.5
2025-09-15,31.4,49.2,0.0,Monday,0,Autumn,Apartment,3,836.5,563.0
2025-09-16,22.0,52.9,0.0,Tuesday,0,Autumn,Apartment,4,563.0,517.5
2025-09-17,19.8,31.7,0.0,Wednesday,0,Autumn,Commercial,12,517.5,893.8
2025-09-18,20.2,50.5,0.0,Thursday,0,Autumn,Commercial,24,893.8,1754.3
2025-09-19,17.1,67.5,0.0,Friday,0,Autumn,Villa,3,1754.3,847.6
2025-09-20,28.4,57.1,0.0,Saturday,1,Autumn,Villa,5,847.6,939.1
2025-09-21,18.9,64.5,0.0,Sunday,1,Autumn,Villa,2,939.1,564.1
2025-09-22,26.2,73.4,1.0,Monday,0,Autumn,Villa,2,564.1,432.8
2025-09-23,21.0,64.4,0.0,Tuesday,0,Autumn,Villa,5,432.8,753.0
2025-09-24,27.9,43.1,0.0,Wednesday,0,Autumn,Apartment,3,753.0,531.0
2025-09-25,23.3,60.5,1.8,Thursday,0,Autumn,Apartment,3,531.0,465.2
2025-09-26,20.5,61.5,0.0,Friday,0,Autumn,Villa,6,465.2,886.4
27/09/2025,24.4,65.5,0.0,Saturday,1,Autumn,Apartment,1,886.4,368.7
2025-09-28,23.7,88.7,0.0,Sunday,1,Autumn,Apartment,2,368.7,365.9
2025-09-29,21.6,64.6,0.0,Monday,0,Autumn,Apartment,2,365.9,318.0
2025-09-30,26.8,48.9,0.0,Tuesday,0,Autumn,Apartment,2,318.0,306.0
2025-10-01,28.9,45.9,0.0,Wednesday,0,Autumn,Apartment,4,306.0,536.0
2025-10-02,19.9,75.8,0.0,Thursday,0,Autumn,Apartment,1,536.0,259.3
2025-10-03,15.6,73.8,0.0,Friday,0,Autumn,Apartment,1,259.3,191.6
2025-10-04,21.8,57.0,0.0,Saturday,1,Autumn,Villa,5,191.6,722.7
2025-10-05,22.5,45.8,0.0,Sunday,1,Autumn,Villa,4,722.7,725.5
2025-10-06,21.6,73.9,0.0,Monday,0,Autumn,Apartment,2,725.5,389.4
2025-10-07,23.3,68.0,5.8,Tuesday,0,Autumn,Apartment,3,389.4,400.7
2025-10-08,30.1,42.0,0.0,Wednesday,0,Autumn,Villa,2,400.7,429.8
2025-10-09,19.0,35.3,0.0,Thursday,0,Autumn,Apartment,1,429.8,202.2
2025-10-10,28.5,56.4,0.0,Friday,0,Autumn,Apartment,4,202.2,474.1
2025-10-11,23.5,79.0,0.0,Saturday,1,Autumn,Villa,5,474.1,810.7
12/10/2025,31.0,51.6,0.0,Sunday,1,Autumn,Apartment,3,810.7,564.0
2025-10-13,25.9,45.2,0.0,Monday,0,Autumn,Apartment,1,564.0,253.1
2025-10-14,28.1,40.1,0.0,Tuesday,0,Autumn,Apartment,4,253.1,492.8
2025-10-15,14.9,65.0,0.0,Wednesday,0,Autumn,Villa,3,492.8,544.6
2025-10-16,17.9,37.6,0.0,Thursday,0,Autumn,Commercial,10,544.6,785.5
2025-10-17,26.2,72.9,0.0,Friday,0,Autumn,Apartment,1,785.5,331.9
2025-10-18,29.0,65.9,7.1,Saturday,1,Autumn,Villa,3,331.9,535.2
2025-10-19,29.3,52.2,0.0,Sunday,1,Autumn,Apartment,1,535.2,309.9
2025-10-20,21.3,76.6,4.2,Monday,0,Autumn,Apartment,2,309.9,269.1
2025-10-21,26.4,67.3,0.0,Tuesday,0,Autumn,Apartment,1,269.1,198.7
2025-10-22,24.7,63.2,0.0,Wednesday,0,Autumn,  Apartment ,1,198.7,144.0
2025-10-23,21.0,36.6,0.0,Thursday,0,Autumn,Apartment,1,144.0,136.7
2025-10-24,19.5,48.2,0.0,Friday,0,Autumn,Apartment,3,136.7,362.6
2025-10-25,31.4,76.9,0.0,Saturday,1,Autumn,Apartment,3,362.6,487.2
2025-10-26,15.4,45.0,0.0,Sunday,1,Autumn,Villa,3,487.2,572.9
27/10/2025,23.9,47.1,0.0,Monday,0,Autumn,Villa,5,572.9,794.4
2025-10-28,26.0,59.0,10.7,Tuesday,0,Autumn,Commercial,7,794.4,622.7
2025-10-29,24.8,55.6,0.0,Wednesday,0,Autumn,Apartment,3,622.7,492.2
2025-10-30,28.6,60.0,0.0,Thursday,0,Autumn,Commercial,13,492.2,1020.0
2025-10-31,31.7,43.5,0.0,Friday,0,Autumn,Villa,5,1020.0,928.6
2025-11-01,24.8,,0.0,Saturday,1,Autumn,Apartment,2,928.6,476.3
2025-11-02,10.3,33.8,0.0,Sunday,1,Autumn,Apartment,3,476.3,469.0
2025-11-03,31.6,45.8,0.0,Monday,0,Autumn,Apartment,3,469.0,452.7
2025-11-04,22.4,54.2,0.0,Tuesday,0,Autumn,Apartment,4,452.7,519.3
2025-11-05,27.9,52.5,0.0,Wednesday,0,Autumn,Apartment,1,519.3,282.5
2025-11-06,24.6,74.2,0.0,Thursday,0,Autumn,Apartment,2,282.5,273.0
2025-11-07,18.8,50.7,0.0,Friday,0,Autumn,Villa,5,273.0,737.2
2025-11-08,10.3,79.0,0.0,Saturday,1,Autumn,Apartment,3,737.2,540.2
2025-11-09,26.5,54.8,0.0,Sunday,1,Autumn,apartment,4,540.2,625.8
2025-11-10,25.3,72.4,2.7,Monday,0,Autumn,Apartment,3,625.8,461.8
11/11/2025,,51.7,0.0,Tuesday,0,Autumn,Commercial,13,461.8,1008.8
2025-11-12,30.6,46.1,0.0,Wednesday,0,Autumn,Apartment,2,1008.8,518.6
2025-11-13,35.1,33.7,0.0,Thursday,0,Autumn,Villa,6,518.6,978.7
2025-11-14,25.4,54.3,0.0,Friday,0,Autumn,Apartment,1,978.7,331.0
2025-11-15,26.5,45.9,0.0,Saturday,1,Autumn,Villa,4,331.0,656.3
2025-11-16,18.2,65.9,0.0,Sunday,1,Autumn,Villa,4,656.3,762.7
2025-11-17,21.7,71.8,0.0,Monday,0,Autumn,Villa,3,762.7,611.0
2025-11-18,34.9,46.9,30.3,Tuesday,0,Autumn,Villa,3,611.0,607.4
2025-11-19,28.8,45.3,0.0,Wednesday,0,Autumn,Villa,4,607.4,705.3
2025-11-20,24.4,72.3,7.1,Thursday,0,Autumn,Villa,4,705.3,695.4
2025-11-21,26.1,77.8,0.0,Friday,0,Autumn,Villa,3,695.4,625.6
2025-11-22,17.5,56.8,0.0,Saturday,1,Autumn,Apartment,3,625.6,500.2
2025-11-23,27.8,48.6,0.0,Sunday,1,Autumn,Apartment,2,500.2,429.2
2025-11-24,25.8,61.2,1.0,Monday,0,Autumn,Apartment,1,429.2,213.2
2025-11-25,21.2,47.5,0.0,Tuesday,0,Autumn,Commercial ,2,213.2,267.1
26/11/2025,17.7,85.4,0.0,Wednesday,0,Autumn,Apartment,4,267.1,456.0
2025-11-27,23.5,54.0,0.0,Thursday,0,Autumn,  Apartment ,2,456.0,338.2
2025-11-28,,57.0,0.0,Friday,0,Autumn,Apartment,2,338.2,348.4
2025-11-29,20.5,75.8,0.1,Saturday,1,Autumn,Apartment,4,348.4,475.1
2025-11-30,26.7,58.1,3.0,Sunday,1,Autumn,Apartment,2,475.1,364.3
2025-12-01,15.9,43.6,0.0,Monday,0,Winter,Apartment,1,364.3,187.8
2025-12-02,15.5,60.7,0.0,Tuesday,0,Winter,Villa,3,187.8,461.4
2025-12-03,15.9,41.7,0.0,Wednesday,0,Winter,Commercial,11,461.4,802.8
2025-12-04,,49.7,0.0,Thursday,0,Winter,Commercial,15,802.8,1172.1
2025-12-05,10.2,79.1,0.0,Friday,0,Winter,Apartment,1,1172.1,378.7
2025-12-06,17.3,59.4,0.0,Saturday,1,Winter,Villa,5,378.7,760.7
2025-12-07,15.2,60.8,0.0,Sunday,1,Winter,Apartment,2,760.7,409.2
2025-12-08,6.4,57.7,0.0,Monday,0,Winter,Villa,5,409.2,769.5
2025-12-09,19.4,65.7,0.0,Tuesday,0,Winter,Commercial,22,769.5,1606.7
2025-12-10,22.8,29.8,0.0,Wednesday,0,Winter,Villa,2,1606.7,709.8
11/12/2025,13.4,71.8,0.0,Thursday,0,Winter,Apartment,4,709.8,574.7
2025-12-12,16.3,63.6,0.0,Friday,0,Winter,Apartment,3,574.7,396.5
2025-12-13,10.2,60.8,0.0,Saturday,1,Winter,Apartment,3,396.5,470.2
2025-12-14,11.9,65.9,0.0,Sunday,1,Winter,Apartment,2,470.2,353.1
2025-12-15,8.1,78.0,0.0,Monday,0,Winter,Apartment,1,353.1,181.7
2025-12-16,11.4,59.6,0.0,Tuesday,0,Winter,Villa,3,181.7,476.9
2025-12-17,4.3,79.6,0.0,Wednesday,0,Winter,Villa,4,476.9,644.2
2025-12-18,8.8,72.8,0.0,Thursday,0,Winter,Apartment,2,644.2,363.0
2025-12-19,19.6,54.5,0.0,Friday,0,Winter,Apartment,1,363.0,209.8
2025-12-20,22.4,48.9,0.0,Saturday,1,Winter,Apartment,4,209.8,468.8
2025-12-21,14.9,56.9,0.0,Sunday,1,Winter,Apartment,3,468.8,424.4
2025-12-22,10.1,50.8,0.0,Monday,0,Winter,Villa,3,424.4,542.1
2025-12-23,16.5,84.8,0.0,Tuesday,0,Winter,Apartment,1,542.1,258.1
2025-12-24,14.1,40.1,0.0,Wednesday,0,Winter,Apartment,1,258.1,163.8
2025-12-25,14.4,57.2,0.0,Thursday,0,Winter,Villa,2,163.8,329.8
26/12/2025,12.9,63.4,0.0,Friday,0,Winter,VILLA,1,329.8,193.5
2025-12-27,13.4,49.6,0.0,Saturday,1,Winter,Villa,3,193.5,468.5
2025-12-28,13.7,75.4,0.0,Sunday,1,Winter,Commercial,14,468.5,951.6
2025-12-29,12.5,47.9,,Monday,0,Winter,Apartment,2,951.6,400.1
2025-12-30,14.3,56.1,0.0,Tuesday,0,Winter,Apartment,1,400.1,193.1
2025-12-31,16.8,63.6,0.0,Wednesday,0,Winter,Apartment,1,193.1,145.3
2026-01-01,7.0,67.0,0.0,Thursday,0,Winter,Villa,2,145.3,350.3
2026-01-02,14.4,57.4,0.0,Friday,0,Winter,Villa,3,350.3,485.9
2026-01-03,19.3,59.0,5.3,Saturday,1,Winter,Apartment,2,485.9,344.1
2026-01-04,15.1,52.0,0.0,Sunday,1,Winter,Apartment,3,344.1,459.9
2026-01-05,18.8,52.3,0.0,Monday,0,Winter,Apartment,2,459.9,301.2
2026-01-06,17.1,64.0,0.0,Tuesday,0,Winter,Commercial,11,301.2,809.9
2026-01-07,17.2,42.0,0.0,Wednesday,0,Winter,Apartment,2,809.9,412.1
2026-01-08,22.2,35.8,0.0,Thursday,0,Winter,Villa,6,412.1,904.3
2026-01-09,21.0,37.2,0.0,Friday,0,Winter,Apartment,3,904.3,498.0
10/01/2026,5.7,71.5,0.0,Saturday,1,Winter,Apartment,1,498.0,251.2
2026-01-11,17.5,42.7,2.6,Sunday,1,Winter,Apartment,3,251.2,382.9
2026-01-12,19.9,55.1,0.0,Monday,0,Winter,Villa,5,382.9,760.4
2026-01-13,22.5,63.8,0.0,Tuesday,0,Winter,Villa,4,760.4,744.7
2026-01-14,15.0,73.6,0.0,Wednesday,0,Winter,Commercial,18,744.7,1360.7
2026-01-15,5.9,74.3,0.0,Thursday,0,Winter,Apartment,1,1360.7,436.2
2026-01-16,13.3,64.1,0.0,Friday,0,Winter,Apartment,1,436.2,227.2
2026-01-17,18.4,81.8,0.0,Saturday,1,Winter,Apartment,2,227.2,-99.0
2026-01-18,18.0,37.1,0.0,Sunday,1,Winter,Apartment,4,279.9,508.6
2026-01-19,12.3,83.1,0.0,Monday,0,Winter,Villa,4,508.6,665.0
2026-01-20,9.9,77.7,0.0,Tuesday,0,Winter,Villa,6,665.0,922.9
2026-01-21,20.6,63.1,0.0,Wednesday,0,Winter,Apartment,2,922.9,458.9
2026-01-22,18.4,61.9,0.0,Thursday,0,Winter,Commercial,13,458.9,942.2
2026-01-23,20.9,48.4,0.0,Friday,0,Winter,Villa,3,942.2,672.5
2026-01-24,13.7,49.2,0.0,Saturday,1,Winter,Apartment,4,672.5,583.1
25/01/2026,14.1,56.3,8.6,Sunday,1,Winter,Villa,2,583.1,448.5
2026-01-26,13.4,64.4,0.0,Monday,0,Winter,Apartment,2,448.5,299.5
2026-01-27,13.2,73.5,0.0,Tuesday,0,Winter,Apartment,1,299.5,163.2
2026-01-28,21.4,61.4,0.0,Wednesday,0,Winter,Villa,5,163.2,698.1
2026-01-29,15.3,59.9,0.0,Thursday,0,Winter,Villa,2,698.1,466.6
2026-01-30,5.3,63.2,0.0,Friday,0,Winter,Villa,3,466.6,536.0
2026-01-31,20.1,61.3,0.0,Saturday,1,Winter,Apartment,2,536.0,380.4
2026-02-01,19.0,57.3,0.0,Sunday,1,Winter,apartment,8,380.4,543.4
2026-02-02,10.9,70.4,0.0,Monday,0,Winter,Apartment,1,543.4,242.4
2026-02-03,19.7,67.1,0.0,Tuesday,0,Winter,Apartment,3,242.4,366.3
2026-02-04,26.7,55.9,6.8,Wednesday,0,Winter,Villa,6,366.3,878.6
2026-02-05,15.5,53.1,,Thursday,0,Winter,Apartment,1,878.6,337.2
2026-02-06,5.9,80.3,0.0,Friday,0,Winter,Apartment,1,337.2,209.5
2026-02-07,12.5,55.0,0.0,Saturday,1,Winter,Apartment,4,209.5,473.9
2026-02-08,11.7,33.4,0.0,Sunday,1,Winter,Villa,2,473.9,443.3
09/02/2026,16.1,77.4,0.0,Monday,0,Winter,Apartment,3,443.3,427.6
2026-02-10,16.4,55.6,0.0,Tuesday,0,Winter,Villa,3,427.6,536.7
2026-02-11,17.8,69.9,0.0,Wednesday,0,Winter,Commercial,13,536.7,984.9
2026-02-12,13.4,57.8,0.0,Thursday,0,Winter,Apartment,2,984.9,476.4
2026-02-13,14.1,72.6,0.0,Friday,0,Winter,Apartment,4,476.4,490.7
2026-02-14,20.1,56.7,0.0,Saturday,1,Winter,Apartment,4,490.7,583.2
2026-02-15,7.4,63.1,0.0,Sunday,1,Winter,Villa,6,583.2,929.8
2026-02-16,18.0,82.8,0.0,Monday,0,Winter,Villa,5,929.8,911.0
2026-02-17,12.1,61.4,0.0,Tuesday,0,Winter,Villa,6,911.0,989.9
2026-02-18,17.7,48.0,0.0,Wednesday,0,Winter,Apartment,1,989.9,344.9
2026-02-19,24.2,57.4,0.0,Thursday,0,Winter,Apartment,4,344.9,468.4
2026-02-20,12.3,75.5,0.0,Friday,0,Winter,Commercial,22,468.4,1544.6
2026-02-21,12.3,95.0,0.0,Saturday,1,Winter,Apartment,4,1544.6,828.7
2026-02-22,21.8,51.0,0.0,Sunday,1,Winter,apartment,4,828.7,757.9
2026-02-23,9.1,64.9,0.0,Monday,0,Winter,Villa,4,757.9,751.3
24/02/2026,7.6,76.0,0.0,Tuesday,0,Winter,Villa,2,751.3,483.7
2026-02-25,17.7,62.2,0.0,Wednesday,0,Winter,Commercial,21,483.7,1470.8
2026-02-26,17.6,54.2,0.0,Thursday,0,Winter,Apartment,2,1470.8,547.5
2026-02-27,16.8,59.5,0.0,Friday,0,Winter,Apartment,1,547.5,244.2
2026-02-28,17.5,58.4,0.0,Saturday,1,Winter,Apartment,2,244.2,299.6
2026-03-01,16.1,82.3,0.0,Sunday,1,Spring,Villa,4,299.6,647.3
2026-03-02,28.5,55.8,0.0,Monday,0,Spring,Villa,2,647.3,507.4
2026-03-03,27.2,57.6,0.0,Tuesday,0,Spring,Commercial,5,507.4,490.2
2026-03-04,18.3,67.6,0.0,Wednesday,0,Spring,Apartment,4,490.2,551.8
2026-03-05,28.6,55.6,0.0,Thursday,0,Spring,Villa,6,551.8,930.5
2026-03-06,25.2,42.1,0.0,Friday,0,Spring,Commercial,9,930.5,825.6
2026-03-07,18.5,65.5,0.0,Saturday,1,Spring,Villa,5,825.6,893.8
2026-03-08,32.4,55.2,0.0,Sunday,1,Spring,Commercial,11,893.8,919.9
2026-03-09,,39.3,30.7,Monday,0,Spring,Villa,2,919.9,529.1
2026-03-10,,52.8,7.7,Tuesday,0,Spring,Apartment,2,529.1,360.9
11/03/2026,21.8,49.2,0.0,Wednesday,0,Spring,Apartment,1,360.9,163.2
2026-03-12,22.5,44.1,0.0,Thursday,0,Spring,Villa,6,163.2,807.4
2026-03-13,18.9,54.7,0.0,Friday,0,Spring,Apartment,3,807.4,469.4
2026-03-14,25.6,48.2,9.8,Saturday,1,Spring,Apartment,2,469.4,350.4
2026-03-15,28.6,37.9,0.0,Sunday,1,Spring,Commercial,12,350.4,827.9
2026-03-16,31.2,,8.3,Monday,0,Spring,Apartment,2,827.9,450.5
2026-03-17,27.7,37.0,0.0,Tuesday,0,Spring,Apartment,4,450.5,565.7
2026-03-18,26.9,48.0,0.0,Wednesday,0,Spring,Apartment,4,565.7,573.8
2026-03-19,24.2,64.2,0.0,Thursday,0,Spring,Villa,5,573.8,813.8
2026-03-20,30.5,49.5,0.0,Friday,0,Spring,  Apartment ,4,813.8,626.0
2026-03-21,18.5,54.9,0.0,Saturday,1,Spring,Commercial,7,626.0,564.4
2026-03-22,29.4,22.9,0.0,Sunday,1,Spring,Apartment,4,564.4,598.3
2026-03-23,19.5,33.7,0.0,Monday,0,Spring,Apartment,4,598.3,555.3
2026-03-24,19.9,50.7,11.5,Tuesday,0,Spring,Apartment,4,555.3,533.5
2026-03-25,16.9,37.3,0.0,Wednesday,0,Spring,Apartment,1,533.5,261.3
26/03/2026,19.1,,0.0,Thursday,0,Spring,Apartment,1,261.3,166.3
2026-03-27,34.0,50.5,4.9,Friday,0,Spring,Villa,6,166.3,855.1
2026-03-28,27.8,54.2,0.0,Saturday,1,Spring,Apartment,2,855.1,442.6
2026-03-29,27.3,52.2,0.0,Sunday,1,Spring,Villa,6,442.6,947.5
2026-03-30,25.3,45.4,0.0,Monday,0,Spring,Commercial,10,947.5,897.6
2026-03-31,19.3,59.7,0.0,Tuesday,0,Spring,Apartment,2,897.6,459.5
2026-04-01,26.8,46.4,0.0,Wednesday,0,Spring,Apartment,1,459.5,249.7
2026-04-02,32.9,61.4,,Thursday,0,Spring,Commercial,16,249.7,1136.7
2026-04-03,30.1,44.6,,Friday,0,Spring,Apartment,4,1136.7,742.8
2026-04-04,30.6,39.8,0.0,Saturday,1,Spring,Apartment,2,742.8,468.1
2026-04-05,24.3,55.9,0.0,Sunday,1,Spring,Villa,4,468.1,692.3
2026-04-06,20.8,45.3,0.0,Monday,0,Spring,Villa,4,692.3,670.7
2026-04-07,21.9,51.7,0.0,Tuesday,0,Spring,Apartment,1,670.7,235.2
2026-04-08,24.9,76.9,7.0,Wednesday,0,Spring,Apartment,1,235.2,156.7
2026-04-09,16.3,40.9,0.0,Thursday,0,Spring,Villa,6,156.7,797.1
10/04/2026,23.0,58.7,0.0,Friday,0,Spring,Villa,5,797.1,884.1
2026-04-11,22.8,59.5,0.0,Saturday,1,Spring,Apartment,3,884.1,581.5
2026-04-12,29.0,40.5,0.0,Sunday,1,Spring,Apartment,3,581.5,490.7
2026-04-13,33.2,54.7,0.0,Monday,0,Spring,Apartment,4,490.7,577.6
2026-04-14,16.8,93.1,0.0,Tuesday,0,Spring,Villa,6,577.6,896.0
2026-04-15,26.6,46.2,0.0,Wednesday,0,Spring,Apartment,3,896.0,536.8
2026-04-16,17.0,66.6,0.0,Thursday,0,Spring,Apartment,2,536.8,320.9
2026-04-17,27.3,44.9,0.0,Friday,0,Spring,Apartment,2,320.9,322.8
2026-04-18,31.8,42.2,0.0,Saturday,1,Spring,Apartment,4,322.8,557.0
2026-04-19,29.0,61.3,0.0,Sunday,1,Spring,Apartment,4,557.0,604.0
2026-04-20,22.1,46.6,0.0,Monday,0,Spring,Apartment,1,604.0,238.1
2026-04-21,23.9,66.4,0.0,Tuesday,0,Spring,Commercial,12,238.1,852.7
2026-04-22,18.0,47.8,0.0,Wednesday,0,Spring,Apartment,4,852.7,647.0
2026-04-23,31.9,58.6,0.0,Thursday,0,Spring,Apartment,3,647.0,509.1
2026-04-24,32.9,63.2,2.2,Friday,0,Spring,Villa,3,509.1,607.6
25/04/2026,29.3,58.8,0.0,Saturday,1,Spring,Commercial ,2,607.6,-99.0
2026-04-26,23.1,46.8,0.0,Sunday,1,Spring,Apartment,3,408.7,475.1
2026-04-27,27.7,45.2,0.0,Monday,0,Spring,Apartment,4,475.1,552.7
2026-04-28,33.5,34.4,0.0,Tuesday,0,Spring,Commercial,23,552.7,1665.4
2026-04-29,21.8,78.3,0.0,Wednesday,0,Spring,Villa,5,1665.4,1102.7
2026-04-30,20.9,50.9,0.0,Thursday,0,Spring,Apartment,3,1102.7,606.2
2026-05-01,15.8,59.7,0.0,Friday,0,Spring,Apartment,1,606.2,228.8
2026-05-02,20.6,42.8,0.0,Saturday,1,Spring,Villa,5,228.8,739.6
2026-05-03,26.1,56.9,0.0,Sunday,1,Spring,Commercial,18,739.6,1263.8
2026-05-04,21.9,75.1,0.0,Monday,0,Spring,Apartment,1,1263.8,436.2
2026-05-05,28.5,63.1,0.0,Tuesday,0,Spring,Villa,2,436.2,424.0
2026-05-06,18.0,69.3,0.0,Wednesday,0,Spring,Apartment,2,424.0,279.1
2026-05-07,23.8,54.2,0.0,Thursday,0,Spring,Apartment,2,279.1,280.3
2026-05-08,33.6,50.5,0.0,Friday,0,Spring,Apartment,4,280.3,533.9
2026-05-09,31.4,63.3,0.0,Saturday,1,Spring,Apartment,3,533.9,513.5
10/05/2026,28.9,50.9,0.0,Sunday,1,Spring,Apartment,4,513.5,570.3
2026-05-11,21.6,70.1,0.0,Monday,0,Spring,Apartment,3,570.3,459.8
2026-05-12,,70.6,0.0,Tuesday,0,Spring,Apartment,1,459.8,224.4
2026-05-13,23.3,42.9,0.0,Wednesday,0,Spring,Villa,4,224.4,609.8
2026-05-14,22.1,65.1,6.1,Thursday,0,Spring,Apartment,1,609.8,226.9
2026-05-15,15.1,85.1,0.0,Friday,0,Spring,Apartment,2,226.9,261.2
2026-05-16,27.3,42.7,0.0,Saturday,1,Spring,Apartment,1,261.2,233.3
2026-05-17,34.9,57.7,0.0,Sunday,1,Spring,apartment,5,233.3,826.5
2026-05-18,16.3,43.9,0.0,Monday,0,Spring,Villa,5,826.5,879.9
2026-05-19,26.8,54.6,0.0,Tuesday,0,Spring,Apartment,1,879.9,334.9
2026-05-20,18.6,83.1,0.0,Wednesday,0,Spring,Apartment,1,334.9,207.1
2026-05-21,26.6,47.5,0.0,Thursday,0,Spring,Villa,6,207.1,838.5
2026-05-22,23.2,65.3,0.0,Friday,0,Spring,Apartment,4,838.5,600.9
2026-05-23,24.6,48.2,0.0,Saturday,1,Spring,Villa,2,600.9,493.6
2026-05-24,24.3,52.7,9.8,Sunday,1,Spring,Villa,6,493.6,918.5
25/05/2026,28.2,64.8,0.0,Monday,0,Spring,Apartment,1,918.5,368.1
2026-05-26,23.3,35.9,0.0,Tuesday,0,Spring,Villa,5,368.1,751.1
2026-05-27,19.8,56.1,0.0,Wednesday,0,Spring,Apartment,3,751.1,527.7
2026-05-28,23.3,60.1,0.0,Thursday,0,Spring,Villa,4,527.7,677.7
2026-05-29,35.2,53.6,6.6,Friday,0,Spring,Apartment,1,677.7,317.2
2026-05-30,27.9,55.7,0.0,Saturday,1,Spring,Apartment,1,317.2,255.0
2026-05-31,19.4,55.8,0.0,Sunday,1,Spring,Villa,5,255.0,759.5
2026-06-01,37.5,45.2,0.0,Monday,0,Summer,Apartment,1,759.5,362.6
2026-06-02,34.0,49.9,4.0,Tuesday,0,Summer,Apartment,2,362.6,334.6
2026-06-03,27.4,54.6,0.0,Wednesday,0,Summer,Villa,6,334.6,910.3
2026-06-04,28.8,57.5,0.0,Thursday,0,Summer,Villa,5,910.3,936.5
2026-06-05,36.2,26.7,0.0,Friday,0,Summer,Apartment,4,936.5,675.4
2026-06-06,35.1,43.2,0.0,Saturday,1,Summer,Commercial,6,675.4,573.8
2026-06-07,27.6,40.0,0.0,Sunday,1,Summer,apartment,3,573.8,499.0
2026-06-08,37.2,17.6,0.0,Monday,0,Summer,Apartment,2,499.0,431.2
09/06/2026,34.4,68.5,0.0,Tuesday,0,Summer,Apartment,3,431.2,461.7
2026-06-10,35.3,46.0,0.0,Wednesday,0,Summer,Apartment,3,461.7,485.8
2026-06-11,32.2,68.3,0.0,Thursday,0,Summer,Villa,2,485.8,467.6
2026-06-12,30.2,57.5,0.0,Friday,0,Summer,Commercial,14,467.6,1054.9
2026-06-13,32.5,43.6,0.0,Saturday,1,Summer,Villa,5,1054.9,998.8
2026-06-14,33.6,61.1,10.4,Sunday,1,Summer,Apartment,2,998.8,527.2
2026-06-15,26.1,59.6,0.0,Monday,0,Summer,Villa,3,527.2,559.6
2026-06-16,,53.6,0.0,Tuesday,0,Summer,Commercial,5,559.6,513.7
2026-06-17,37.1,39.8,0.0,Wednesday,0,Summer,Villa,2,513.7,511.1
2026-06-18,29.0,63.6,0.0,Thursday,0,Summer,Villa,2,511.1,455.9
2026-06-19,33.7,61.9,0.0,Friday,0,Summer,Apartment,1,455.9,264.1
2026-06-20,32.1,40.9,0.0,Saturday,1,Summer,Apartment,3,264.1,458.2
2026-06-21,34.3,31.9,0.0,Sunday,1,Summer,Villa,3,458.2,657.1
2026-06-22,37.4,50.1,0.0,Monday,0,Summer,Villa,6,657.1,1002.4
2026-06-23,30.1,61.1,8.3,Tuesday,0,Summer,Apartment,2,1002.4,537.5
24/06/2026,32.0,72.2,,Wednesday,0,Summer,Apartment,2,537.5,380.7
2026-06-25,38.0,30.1,0.0,Thursday,0,Summer,Commercial ,4,380.7,593.4
2026-06-26,,60.2,2.0,Friday,0,Summer,Apartment,1,593.4,325.5
2026-06-27,34.1,61.3,0.0,Saturday,1,Summer,Apartment,4,325.5,568.9
2026-06-28,33.2,36.5,0.0,Sunday,1,Summer,Villa,2,568.9,492.6
2026-06-29,29.1,72.9,0.0,Monday,0,Summer,Commercial,19,492.6,1366.6
2026-06-30,27.5,58.8,0.0,Tuesday,0,Summer,Villa,4,1366.6,934.1
2026-07-01,30.1,40.6,0.0,Wednesday,0,Summer,Villa,6,934.1,1071.2
2026-07-02,38.3,34.1,0.0,Thursday,0,Summer,  Apartment ,1,1071.2,455.7
2026-07-03,34.3,70.7,20.7,Friday,0,Summer,Villa,6,455.7,946.1
2026-07-04,35.0,48.0,0.0,Saturday,1,Summer,Villa,3,946.1,737.0
2026-07-05,39.8,38.1,0.0,Sunday,1,Summer,Villa,5,737.0,965.1
2026-07-06,30.3,50.0,0.0,Monday,0,Summer,Apartment,1,965.1,416.5
2026-07-07,36.0,25.5,0.0,Tuesday,0,Summer,Apartment,3,416.5,438.3
2026-07-08,40.1,30.8,0.0,Wednesday,0,Summer,Apartment,3,438.3,499.4
09/07/2026,34.7,66.8,0.5,Thursday,0,Summer,Villa,2,499.4,470.6
2026-07-10,37.7,40.8,0.0,Friday,0,Summer,Apartment,2,470.6,417.8
2026-07-11,33.1,39.8,0.0,Saturday,1,Summer,Apartment,4,417.8,602.8
2026-07-12,39.7,52.6,0.0,Sunday,1,Summer,Apartment,2,602.8,449.7
2026-07-13,32.0,61.9,0.0,Monday,0,Summer,Apartment,1,449.7,242.7
2026-07-14,33.9,53.4,0.0,Tuesday,0,Summer,Apartment,4,242.7,560.1
2026-07-15,30.7,20.5,0.0,Wednesday,0,Summer,Villa,4,560.1,718.3
2026-07-16,28.3,45.0,0.0,Thursday,0,Summer,Villa,5,718.3,887.2
2026-07-17,33.9,36.1,0.0,Friday,0,Summer,VILLA,4,887.2,684.8
2026-07-18,32.7,37.9,0.0,Saturday,1,Summer,Villa,4,684.8,787.0
2026-07-19,28.5,45.7,0.0,Sunday,1,Summer,Apartment,3,787.0,560.5
2026-07-20,31.2,49.3,2.2,Monday,0,Summer,Apartment,3,560.5,509.6
2026-07-21,28.9,36.6,0.0,Tuesday,0,Summer,Apartment,3,509.6,441.7
2026-07-22,30.4,34.6,23.3,Wednesday,0,Summer,Commercial,9,441.7,734.7
2026-07-23,36.3,67.5,0.0,Thursday,0,Summer,Apartment,3,734.7,565.1
24/07/2026,35.2,44.5,0.0,Friday,0,Summer,Commercial,10,565.1,868.9
2026-07-25,29.1,58.5,0.0,Saturday,1,Summer,Commercial,23,868.9,1635.4
2026-07-26,37.3,32.9,0.0,Sunday,1,Summer,Villa,5,1635.4,1185.6
2026-07-27,27.8,41.0,0.0,Monday,0,Summer,Commercial ,3,1185.6,600.3
2026-07-28,36.0,35.1,0.0,Tuesday,0,Summer,Villa,4,600.3,769.0
2026-07-29,29.2,62.0,0.0,Wednesday,0,Summer,Apartment,4,769.0,639.6
2026-07-30,47.7,39.7,0.0,Thursday,0,Summer,Villa,4,639.6,799.1
2026-07-31,36.2,42.0,0.0,Friday,0,Summer,Apartment,1,799.1,374.3
2026-08-01,36.5,43.9,0.0,Saturday,1,Summer,Villa,5,374.3,863.4
2026-08-02,33.8,,0.0,Sunday,1,Summer,Villa,2,863.4,584.4
2026-08-03,33.7,46.9,0.0,Monday,0,Summer,Apartment,2,584.4,439.2
2026-08-04,37.8,52.5,0.0,Tuesday,0,Summer,Villa,5,439.2,879.1
2026-08-05,37.0,47.9,0.0,Wednesday,0,Summer,Villa,5,879.1,960.9
2026-08-06,41.0,41.5,0.0,Thursday,0,Summer,Villa,6,960.9,1120.3
2026-08-07,30.0,64.0,0.0,Friday,0,Summer,Apartment,4,1120.3,693.9
08/08/2026,32.7,43.3,0.0,Saturday,1,Summer,Villa,6,693.9,1011.2
2026-08-09,36.9,42.6,0.0,Sunday,1,Summer,Villa,6,1011.2,1123.4
2026-08-10,33.0,57.4,2.9,Monday,0,Summer,Apartment,4,1123.4,768.8
2026-08-11,35.5,,0.0,Tuesday,0,Summer,Apartment,2,768.8,439.0
2026-08-12,37.7,42.3,0.0,Wednesday,0,Summer,Apartment,4,439.0,610.9
2026-08-13,37.9,42.1,0.0,Thursday,0,Summer,Apartment,4,610.9,666.0
2026-08-14,38.0,51.1,0.0,Friday,0,Summer,Commercial,18,666.0,1409.7
2026-08-15,33.7,37.9,0.0,Saturday,1,Summer,Apartment,2,1409.7,607.3
2026-08-16,39.6,59.8,0.0,Sunday,1,Summer,Apartment,1,607.3,343.2
2026-08-17,32.7,44.3,0.0,Monday,0,Summer,Commercial,8,343.2,683.7
2026-08-18,33.4,53.5,0.0,Tuesday,0,Summer,Apartment,3,683.7,544.4
2026-08-19,36.3,32.5,0.0,Wednesday,0,Summer,Villa,4,544.4,-99.0
2026-08-20,39.3,29.6,0.0,Thursday,0,Summer,Apartment,2,707.7,478.4
2026-08-21,28.5,66.9,1.0,Friday,0,Summer,Apartment,2,478.4,343.3
2026-08-22,24.5,50.3,0.0,Saturday,1,Summer,Villa,6,343.3,914.0
23/08/2026,30.8,32.0,0.0,Sunday,1,Summer,Apartment,3,914.0,594.5
2026-08-24,36.3,33.6,0.0,Monday,0,Summer,Apartment,3,594.5,482.8
2026-08-25,33.9,30.7,7.9,Tuesday,0,Summer,Apartment,1,482.8,287.5
2026-08-26,34.9,48.2,0.0,Wednesday,0,Summer,Commercial,24,287.5,1652.5
2026-08-27,30.3,41.3,0.0,Thursday,0,Summer,Apartment,4,1652.5,848.6
2026-08-28,35.7,62.5,0.0,Friday,0,Summer,Commercial,19,848.6,1518.7
2026-08-29,34.3,60.9,0.0,Saturday,1,Summer,Apartment,4,1518.7,886.2
2026-08-30,29.8,54.9,0.0,Sunday,1,Summer,Villa,4,886.2,813.9
2026-08-31,38.5,72.6,0.0,Monday,0,Summer,Villa,3,813.9,708.9
2026-09-01,20.8,67.0,3.9,Tuesday,0,Autumn,Apartment,4,708.9,573.0
2026-09-02,27.8,61.4,4.5,Wednesday,0,Autumn,Apartment,3,573.0,472.9
2026-09-03,23.3,65.9,0.0,Thursday,0,Autumn,Villa,4,472.9,636.9
2026-09-04,20.3,70.7,0.0,Friday,0,Autumn,Apartment,1,636.9,268.9
2026-09-05,28.8,53.0,0.0,Saturday,1,Autumn,Apartment,3,268.9,477.6
2026-09-06,24.3,71.1,3.1,Sunday,1,Autumn,Commercial,18,477.6,1172.4
07/09/2026,24.8,69.0,0.0,Monday,0,Autumn,Villa,6,1172.4,1086.2
2026-09-08,22.8,53.1,0.0,Tuesday,0,Autumn,Apartment,4,1086.2,690.1
2026-09-09,18.6,50.7,0.0,Wednesday,0,Autumn,Apartment,1,690.1,261.5
2026-09-10,21.9,59.0,0.0,Thursday,0,Autumn,Apartment,1,261.5,151.3
2026-09-11,21.4,56.9,0.0,Friday,0,Autumn,Villa,3,151.3,442.7
2026-09-12,20.3,56.1,0.0,Saturday,1,Autumn,Apartment,3,442.7,445.8
2026-09-13,18.0,67.2,0.0,Sunday,1,Autumn,Apartment,1,445.8,238.5
2026-09-14,22.8,61.3,4.5,Monday,0,Autumn,Apartment,2,238.5,250.6
2026-09-15,27.9,68.7,2.8,Tuesday,0,Autumn,Commercial,18,250.6,1188.3
2026-09-16,27.6,58.9,0.0,Wednesday,0,Autumn,Apartment,1,1188.3,449.8
2026-09-17,26.3,58.6,9.2,Thursday,0,Autumn,Apartment,2,449.8,-99.0
2026-09-18,15.7,53.5,0.0,Friday,0,Autumn,Apartment,3,325.6,394.4
2026-09-19,30.8,57.1,0.0,Saturday,1,Autumn,Villa,5,394.4,845.8
2026-09-20,22.7,62.4,0.0,Sunday,1,Autumn,Apartment,1,845.8,339.6
2026-09-21,31.0,58.2,0.0,Monday,0,Autumn,Commercial,19,339.6,1376.8
22/09/2026,25.9,55.9,0.0,Tuesday,0,Autumn,Villa,3,1376.8,788.1
2026-09-23,24.5,45.2,0.0,Wednesday,0,Autumn,Apartment,4,788.1,608.8
2026-09-24,30.2,49.7,0.0,Thursday,0,Autumn,Apartment,4,608.8,611.9
2026-09-25,22.6,68.5,3.8,Friday,0,Autumn,Apartment,2,611.9,355.7
2026-09-26,15.8,62.1,1.5,Saturday,1,Autumn,Villa,6,355.7,893.8
2026-09-27,33.3,38.3,0.0,Sunday,1,Autumn,Villa,5,893.8,983.5
2026-09-28,23.4,55.5,0.0,Monday,0,Autumn,Apartment,3,983.5,564.2
2026-09-29,18.3,64.9,0.0,Tuesday,0,Autumn,Apartment,4,564.2,563.3
2026-09-30,21.0,50.9,0.0,Wednesday,0,Autumn,Villa,4,563.3,686.3
2026-10-01,24.8,74.4,0.0,Thursday,0,Autumn,Apartment,2,686.3,421.0
2026-10-02,21.7,59.7,0.0,Friday,0,Autumn,Villa,6,421.0,872.5
2026-10-03,17.8,59.5,0.0,Saturday,1,Autumn,Commercial,22,872.5,1546.0
2026-10-04,25.6,,0.0,Sunday,1,Autumn,Commercial,23,1546.0,1811.3
2026-10-05,27.8,77.6,0.0,Monday,0,Autumn,Apartment,4,1811.3,893.7
2026-10-06,18.9,59.0,0.0,Tuesday,0,Autumn,Apartment,4,893.7,622.4
07/10/2026,23.2,37.8,0.0,Wednesday,0,Autumn,Apartment,3,622.4,469.1
2026-10-08,20.9,73.3,1.1,Thursday,0,Autumn,Villa,4,469.1,633.7
2026-10-09,20.0,65.9,0.0,Friday,0,Autumn,Villa,6,633.7,945.8
2026-10-10,29.2,64.6,0.0,Saturday,1,Autumn,Apartment,3,945.8,564.1
2026-10-11,18.8,,0.0,Sunday,1,Autumn,Commercial,22,564.1,1460.2
2026-10-12,25.4,58.0,0.0,Monday,0,Autumn,Apartment,2,1460.2,582.5
2026-10-13,25.5,63.5,6.3,Tuesday,0,Autumn,Villa,2,582.5,463.4
2026-10-14,7.1,67.0,1.5,Wednesday,0,Autumn,Apartment,3,463.4,430.4
2026-10-15,26.0,45.3,0.0,Thursday,0,Autumn,Villa,6,430.4,933.0
2026-10-16,24.2,45.1,0.0,Friday,0,Autumn,Apartment,4,933.0,674.2
2026-10-17,32.3,55.6,0.0,Saturday,1,Autumn,Apartment,4,674.2,638.9
2026-10-18,29.3,,,Sunday,1,Autumn,Apartment,4,638.9,604.8
2026-10-19,27.8,59.1,0.0,Monday,0,Autumn,Villa,5,604.8,800.5
2026-10-20,17.6,69.1,0.0,Tuesday,0,Autumn,Commercial,11,800.5,915.1
2026-10-21,23.4,70.9,0.0,Wednesday,0,Autumn,Apartment,1,915.1,341.3
22/10/2026,25.2,36.5,0.0,Thursday,0,Autumn,Apartment,4,341.3,496.5
2026-10-23,22.6,47.6,0.0,Friday,0,Autumn,Apartment,3,496.5,415.9
2026-10-24,28.2,42.3,0.0,Saturday,1,Autumn,Villa,4,415.9,699.2
2026-10-25,16.1,69.9,0.0,Sunday,1,Autumn,Apartment,2,699.2,409.2
2026-10-26,26.6,70.5,0.0,Monday,0,Autumn,Apartment,4,409.2,551.1
2026-10-27,34.7,73.0,0.0,Tuesday,0,Autumn,Apartment,3,551.1,516.2
2026-10-28,22.3,,0.0,Wednesday,0,Autumn,Apartment,3,516.2,460.0
2026-10-29,22.4,,0.0,Thursday,0,Autumn,Villa,2,460.0,399.0
2026-10-30,21.9,56.3,0.0,Friday,0,Autumn,Apartment,1,399.0,194.0
2026-10-31,21.6,71.8,,Saturday,1,Autumn,Apartment,3,194.0,347.7
2026-11-01,25.8,53.3,0.0,Sunday,1,Autumn,Apartment,2,347.7,363.0
2026-11-02,22.2,54.8,0.0,Monday,0,Autumn,Villa,6,363.0,880.4
2026-11-03,27.6,60.2,13.8,Tuesday,0,Autumn,Apartment,3,880.4,559.9
2026-11-04,19.8,70.3,3.5,Wednesday,0,Autumn,Apartment,4,559.9,527.2
2026-11-05,20.2,59.1,0.0,Thursday,0,Autumn,Villa,6,527.2,869.4
06/11/2026,26.4,55.4,0.0,Friday,0,Autumn,Apartment,3,869.4,555.6
2026-11-07,13.9,77.0,0.0,Saturday,1,Autumn,Apartment,2,555.6,348.1
2026-11-08,19.9,54.1,0.0,Sunday,1,Autumn,Commercial,22,348.1,1391.2
2026-11-09,22.6,,0.0,Monday,0,Autumn,Apartment,2,1391.2,535.9
2026-11-10,24.1,36.5,0.0,Tuesday,0,Autumn,Commercial,10,535.9,796.3
2026-11-11,23.4,70.4,6.8,Wednesday,0,Autumn,Villa,3,796.3,585.2
2026-11-12,17.1,,0.0,Thursday,0,Autumn,Villa,3,585.2,591.7
2026-11-13,16.3,60.7,0.1,Friday,0,Autumn,Apartment,2,591.7,347.2
2026-11-14,18.0,55.6,0.0,Saturday,1,Autumn,Apartment,2,347.2,343.8
2026-11-15,24.5,61.4,0.0,Sunday,1,Autumn,Apartment,4,343.8,517.4
2026-11-16,15.3,80.7,10.9,Monday,0,Autumn,Apartment,2,517.4,331.7
2026-11-17,19.1,79.5,0.0,Tuesday,0,Autumn,Villa,6,331.7,849.9
2026-11-18,30.7,65.8,0.0,Wednesday,0,Autumn,Apartment,3,849.9,567.5
2026-11-19,30.4,54.7,4.5,Thursday,0,Autumn,Villa,2,567.5,482.8
2026-11-20,24.9,24.8,0.0,Friday,0,Autumn,Villa,3,482.8,590.5
21/11/2026,24.4,57.4,0.0,Saturday,1,Autumn,Apartment,4,590.5,573.3
2026-11-22,29.7,63.1,0.0,Sunday,1,Autumn,Commercial,15,573.3,1046.8
2026-11-23,20.8,59.9,0.0,Monday,0,Autumn,Villa,6,1046.8,1023.3
2026-11-24,31.8,55.5,0.0,Tuesday,0,Autumn,Villa,5,1023.3,968.1
2026-11-25,28.6,75.2,0.0,Wednesday,0,Autumn,Apartment,2,968.1,459.8
2026-11-26,26.6,72.5,0.0,Thursday,0,Autumn,Villa,4,459.8,658.5
2026-11-27,,41.8,0.0,Friday,0,Autumn,Apartment,4,658.5,570.9
2026-11-28,24.8,66.1,0.0,Saturday,1,Autumn,Apartment,4,570.9,579.6
2026-11-29,22.2,58.4,0.0,Sunday,1,Autumn,Apartment,4,579.6,547.9
2026-11-30,20.1,60.7,0.0,Monday,0,Autumn,Villa,6,547.9,912.1
2026-12-01,16.2,52.5,0.0,Tuesday,0,Winter,Apartment,2,912.1,416.1
2026-12-02,17.8,68.9,0.0,Wednesday,0,Winter,Apartment,2,416.1,312.5
2026-12-03,19.1,53.9,7.7,Thursday,0,Winter,Apartment,3,312.5,394.3
2026-12-04,12.4,76.7,0.0,Friday,0,Winter,Apartment,4,394.3,514.6
2026-12-05,15.2,64.1,0.0,Saturday,1,Winter,Villa,4,514.6,698.2
06/12/2026,18.0,69.6,0.0,Sunday,1,Winter,Apartment,2,698.2,449.6
2026-12-07,12.2,65.4,0.0,Monday,0,Winter,Villa,6,449.6,894.6
2026-12-08,7.6,56.9,0.0,Tuesday,0,Winter,Villa,5,894.6,872.2
2026-12-09,13.1,68.9,5.1,Wednesday,0,Winter,Apartment,1,872.2,306.9
2026-12-10,13.7,58.7,0.0,Thursday,0,Winter,Villa,3,306.9,467.2
2026-12-11,20.0,50.4,0.0,Friday,0,Winter,Apartment,1,467.2,216.4
2026-12-12,11.7,70.0,29.5,Saturday,1,Winter,Villa,5,216.4,716.4
2026-12-13,14.5,59.6,0.0,Sunday,1,Winter,  Apartment ,4,716.4,742.3
2026-12-14,17.9,55.0,0.0,Monday,0,Winter,Apartment,1,742.3,280.6
2026-12-15,22.5,,0.0,Tuesday,0,Winter,Apartment,1,280.6,166.2
2026-12-16,11.5,67.3,0.0,Wednesday,0,Winter,Apartment,4,166.2,448.4
2026-12-17,22.0,65.0,0.0,Thursday,0,Winter,Apartment,3,448.4,421.8
2026-12-18,17.5,56.1,0.0,Friday,0,Winter,Villa,4,421.8,652.8
2026-12-19,7.3,79.7,0.0,Saturday,1,Winter,Villa,5,652.8,859.5
2026-12-20,10.8,83.0,1.4,Sunday,1,Winter,Apartment,1,859.5,346.3
21/12/2026,8.8,80.4,0.0,Monday,0,Winter,Apartment,2,346.3,286.8
2026-12-22,18.6,46.6,0.0,Tuesday,0,Winter,Apartment,3,286.8,377.5
2026-12-23,14.5,73.3,0.0,Wednesday,0,Winter,Apartment,1,377.5,193.8
2026-12-24,6.4,86.8,0.0,Thursday,0,Winter,Commercial,7,193.8,517.5
2026-12-25,12.2,69.8,0.0,Friday,0,Winter,Villa,4,517.5,667.1
2026-12-26,18.5,51.4,0.0,Saturday,1,Winter,Commercial,19,667.1,1302.6
2026-12-27,19.1,56.1,0.0,Sunday,1,Winter,Villa,3,1302.6,776.7
2026-12-28,13.2,70.3,0.0,Monday,0,Winter,Apartment,3,776.7,519.8
2026-12-29,10.4,78.9,0.0,Tuesday,0,Winter,Apartment,2,519.8,343.0
2026-12-30,16.9,80.4,0.0,Wednesday,0,Winter,Apartment,3,343.0,388.3
2026-12-31,14.3,71.8,0.0,Thursday,0,Winter,Apartment,4,388.3,516.1
2027-01-01,19.5,54.4,0.0,Friday,0,Winter, villa ,4,516.1,673.5
2027-01-02,14.8,58.0,0.0,Saturday,1,Winter,Apartment,3,673.5,505.4
2027-01-03,16.3,68.1,0.0,Sunday,1,Winter,Apartment,4,505.4,539.1
2027-01-04,14.2,70.8,0.0,Monday,0,Winter,Villa,2,539.1,437.1
05/01/2027,10.8,86.4,0.0,Tuesday,0,Winter,Villa,3,437.1,527.6
2027-01-06,11.8,63.7,0.0,Wednesday,0,Winter,Villa,3,527.6,523.2
2027-01-07,23.6,48.3,7.1,Thursday,0,Winter,Villa,3,523.2,550.8
2027-01-08,12.5,45.8,0.0,Friday,0,Winter,Villa,4,550.8,671.5
2027-01-09,9.6,72.6,0.0,Saturday,1,Winter,Villa,5,671.5,852.3
2027-01-10,13.0,62.5,0.0,Sunday,1,Winter,Apartment,2,852.3,424.4
2027-01-11,12.2,44.6,0.0,Monday,0,Winter,Apartment,3,424.4,413.0
2027-01-12,,58.7,0.0,Tuesday,0,Winter,Villa,3,413.0,530.7
2027-01-13,18.0,69.5,0.0,Wednesday,0,Winter,Apartment,2,530.7,327.2
2027-01-14,10.8,47.8,0.0,Thursday,0,Winter,Villa,3,327.2,504.4
2027-01-15,8.5,80.8,0.0,Friday,0,Winter,Villa,4,504.4,675.2
2027-01-16,20.5,60.9,0.0,Saturday,1,Winter,Villa,6,675.2,960.0
2027-01-17,24.7,50.7,0.1,Sunday,1,Winter,Apartment,4,960.0,671.7
2027-01-18,22.9,49.7,0.0,Monday,0,Winter,Apartment,3,671.7,487.2
2027-01-19,10.1,62.8,0.0,Tuesday,0,Winter,Villa,4,487.2,675.9
20/01/2027,12.2,46.6,4.7,Wednesday,0,Winter,Apartment,2,675.9,396.9
2027-01-21,18.9,56.1,35.4,Thursday,0,Winter,Villa,6,396.9,812.1
2027-01-22,9.1,84.3,0.0,Friday,0,Winter,Villa,4,812.1,744.9
2027-01-23,9.5,91.9,0.0,Saturday,1,Winter,Commercial,5,744.9,443.0
2027-01-24,14.8,63.2,0.0,Sunday,1,Winter,Villa,6,443.0,926.8
2027-01-25,15.8,73.0,0.0,Monday,0,Winter,Apartment,3,926.8,548.6
2027-01-26,8.6,81.7,0.0,Tuesday,0,Winter,Apartment,2,548.6,340.9
2027-01-27,12.0,69.0,0.0,Wednesday,0,Winter,Apartment,1,340.9,169.6
2027-01-28,14.6,49.8,0.0,Thursday,0,Winter,Apartment,4,169.6,419.9
2027-01-29,7.3,73.6,0.0,Friday,0,Winter,Commercial,8,419.9,619.8
2027-01-30,14.1,64.8,0.0,Saturday,1,Winter,Apartment,2,619.8,376.4
2027-01-31,14.3,60.9,0.0,Sunday,1,Winter, villa ,2,376.4,411.3
2027-02-01,9.4,76.3,0.0,Monday,0,Winter,Apartment,1,411.3,171.3
2027-02-02,14.8,66.6,0.0,Tuesday,0,Winter,Apartment,4,171.3,434.5
2027-02-03,14.6,68.9,0.0,Wednesday,0,Winter,Villa,3,434.5,519.8
04/02/2027,10.5,81.2,0.0,Thursday,0,Winter,Villa,2,519.8,412.2
2027-02-05,22.2,60.7,0.0,Friday,0,Winter,Apartment,3,412.2,407.4
2027-02-06,17.1,45.2,0.0,Saturday,1,Winter,Apartment,2,407.4,330.0
2027-02-07,14.0,65.8,0.0,Sunday,1,Winter,Apartment,2,330.0,310.7
2027-02-08,14.8,86.0,0.0,Monday,0,Winter,Commercial,9,310.7,667.2
2027-02-09,17.8,75.2,0.0,Tuesday,0,Winter,apartment,4,667.2,545.0
2027-02-10,11.4,44.3,0.0,Wednesday,0,Winter,Apartment,2,545.0,318.7
2027-02-11,21.1,71.7,0.0,Thursday,0,Winter,Apartment,1,318.7,160.3
2027-02-12,19.0,58.7,0.0,Friday,0,Winter,Commercial,6,160.3,433.5
2027-02-13,13.8,84.5,0.0,Saturday,1,Winter,Apartment,1,433.5,247.9
2027-02-14,14.5,67.7,0.0,Sunday,1,Winter,Apartment,3,247.9,374.4
2027-02-15,17.8,60.1,0.0,Monday,0,Winter,Commercial,22,374.4,1512.5
2027-02-16,13.2,68.8,0.0,Tuesday,0,Winter,Apartment,1,1512.5,484.0
2027-02-17,8.2,68.4,0.0,Wednesday,0,Winter,Apartment,2,484.0,334.6
2027-02-18,14.5,49.5,0.0,Thursday,0,Winter,Apartment,4,334.6,478.6
19/02/2027,14.0,49.6,0.0,Friday,0,Winter,Apartment,3,478.6,423.2
2027-02-20,7.6,53.2,0.0,Saturday,1,Winter,Commercial,24,423.2,1563.5
2027-02-21,23.2,52.9,0.0,Sunday,1,Winter,Apartment,2,1563.5,636.7
2027-02-22,6.4,94.4,13.9,Monday,0,Winter,Villa,2,636.7,433.4
2027-02-23,15.7,72.4,0.0,Tuesday,0,Winter,Apartment,3,433.4,418.7
2027-02-24,16.2,41.9,0.0,Wednesday,0,Winter,Villa,4,418.7,640.6
2027-02-25,16.6,78.8,0.0,Thursday,0,Winter,Commercial,17,640.6,1264.1
2027-02-26,15.8,68.3,0.0,Friday,0,Winter,Villa,3,1264.1,778.3
2027-02-27,10.4,76.5,0.0,Saturday,1,Winter,Apartment,4,778.3,602.2
2027-02-28,13.8,63.5,0.0,Sunday,1,Winter,Apartment,4,602.2,563.6
2027-03-01,22.6,64.9,0.0,Monday,0,Spring,Commercial,21,563.6,1486.9
2027-03-02,20.2,63.2,0.0,Tuesday,0,Spring,Villa,6,1486.9,1132.9
2027-03-03,30.0,54.6,13.6,Wednesday,0,Spring,Apartment,4,1132.9,734.3
2027-03-04,21.9,54.7,0.0,Thursday,0,Spring,Villa,6,734.3,973.7
2027-03-05,22.1,45.1,0.0,Friday,0,Spring,Apartment,4,973.7,634.1
06/03/2027,23.7,75.1,0.0,Saturday,1,Spring,Apartment,3,634.1,518.9
2027-03-07,19.9,45.1,0.0,Sunday,1,Spring,Apartment,3,518.9,448.7
2027-03-08,22.8,71.9,0.0,Monday,0,Spring,Apartment,4,448.7,506.4
2027-03-09,28.1,44.9,0.0,Tuesday,0,Spring,Villa,4,506.4,694.2
2027-03-10,33.6,50.0,7.8,Wednesday,0,Spring,Commercial,24,694.2,1786.4
2027-03-11,27.0,75.2,0.0,Thursday,0,Spring,Apartment,1,1786.4,574.0
2027-03-12,19.6,77.3,0.0,Friday,0,Spring,Villa,6,574.0,919.5
2027-03-13,24.3,35.2,0.0,Saturday,1,Spring,Apartment,3,919.5,547.6
2027-03-14,23.6,72.8,0.0,Sunday,1,Spring,Commercial,8,547.6,572.4
2027-03-15,28.4,63.7,0.0,Monday,0,Spring,Commercial,16,572.4,1206.5
2027-03-16,19.6,64.7,0.0,Tuesday,0,Spring,Villa,3,1206.5,686.4
2027-03-17,31.1,35.1,0.0,Wednesday,0,Spring,Villa,5,686.4,869.1
2027-03-18,27.8,51.5,0.0,Thursday,0,Spring,Apartment,1,869.1,335.5
2027-03-19,29.4,46.8,0.0,Friday,0,Spring,Apartment,1,335.5,220.7
2027-03-20,29.4,36.4,0.0,Saturday,1,Spring,Apartment,3,220.7,446.1
21/03/2027,26.8,65.7,0.0,Sunday,1,Spring,Apartment,1,446.1,247.7
2027-03-22,24.0,65.6,0.0,Monday,0,Spring,Villa,6,247.7,863.0
2027-03-23,34.0,24.1,0.0,Tuesday,0,Spring,Apartment,3,863.0,577.2
2027-03-24,25.2,48.6,0.0,Wednesday,0,Spring,Apartment,1,577.2,257.4
2027-03-25,21.7,60.0,0.0,Thursday,0,Spring,Apartment,1,257.4,154.3
2027-03-26,27.8,57.0,0.0,Friday,0,Spring,Apartment,2,154.3,267.9
2027-03-27,35.6,44.1,0.0,Saturday,1,Spring,Villa,2,267.9,428.3
2027-03-28,24.1,34.3,0.0,Sunday,1,Spring,Apartment,2,428.3,357.3
2027-03-29,14.6,71.2,0.0,Monday,0,Spring,Apartment,3,357.3,395.7
2027-03-30,27.1,50.2,0.0,Tuesday,0,Spring,Apartment,4,395.7,547.2
2027-03-31,25.9,64.7,0.0,Wednesday,0,Spring,Villa,5,547.2,841.0
2027-04-01,20.2,49.4,0.0,Thursday,0,Spring,Commercial,13,841.0,1048.6
2027-04-02,23.1,64.4,0.0,Friday,0,Spring,Apartment,1,1048.6,335.1
2027-04-03,28.2,41.7,0.0,Saturday,1,Spring,Apartment,1,335.1,248.2
2027-04-04,25.2,45.9,2.2,Sunday,1,Spring,Villa,3,248.2,510.2
05/04/2027,27.9,40.9,0.0,Monday,0,Spring,Apartment,1,510.2,227.8
2027-04-06,25.2,73.6,0.0,Tuesday,0,Spring,Apartment,3,227.8,363.4
2027-04-07,16.0,53.7,0.0,Wednesday,0,Spring,Villa,3,363.4,484.4
2027-04-08,24.6,69.6,0.0,Thursday,0,Spring,Villa,3,484.4,592.1
2027-04-09,21.3,70.1,0.0,Friday,0,Spring,Villa,3,592.1,560.9
2027-04-10,23.5,67.9,0.0,Saturday,1,Spring,Apartment,2,560.9,373.7
2027-04-11,20.2,64.4,0.0,Sunday,1,Spring,Apartment,3,373.7,456.0
2027-04-12,27.5,49.0,0.0,Monday,0,Spring,Apartment,4,456.0,536.6
2027-04-13,24.8,41.6,0.0,Tuesday,0,Spring,Villa,3,536.6,579.4
2027-04-14,22.3,55.2,7.5,Wednesday,0,Spring,Apartment,3,579.4,480.2
2027-04-15,27.2,41.4,0.0,Thursday,0,Spring,Apartment,1,480.2,231.2
2027-04-16,25.2,59.3,0.0,Friday,0,Spring,Apartment,1,231.2,194.7
2027-04-17,27.0,55.9,0.0,Saturday,1,Spring,Villa,5,194.7,740.4
2027-04-18,22.0,71.1,0.0,Sunday,1,Spring,Commercial,6,740.4,453.8
2027-04-19,18.0,58.4,0.0,Monday,0,Spring,Commercial,15,453.8,1110.6
20/04/2027,26.7,62.4,0.0,Tuesday,0,Spring,Apartment,3,1110.6,565.7
2027-04-21,23.0,43.2,1.2,Wednesday,0,Spring,Apartment,3,565.7,465.7
2027-04-22,28.0,67.0,0.0,Thursday,0,Spring,Apartment,1,465.7,268.8
2027-04-23,26.6,41.2,0.0,Friday,0,Spring,Villa,5,268.8,734.9
2027-04-24,20.1,63.2,0.0,Saturday,1,Spring,Villa,4,734.9,744.0
2027-04-25,22.5,50.3,0.0,Sunday,1,Spring,Villa,6,744.0,994.8
2027-04-26,24.1,69.1,0.0,Monday,0,Spring,Villa,3,994.8,699.0
2027-04-27,21.1,51.5,0.0,Tuesday,0,Spring,Commercial,5,699.0,518.1
2027-04-28,21.6,48.5,0.0,Wednesday,0,Spring,Apartment,1,518.1,204.5
2027-04-29,25.7,50.5,13.6,Thursday,0,Spring,Villa,6,204.5,812.1
2027-04-30,15.9,43.2,0.0,Friday,0,Spring,  Apartment ,1,812.1,317.3
2027-05-01,25.8,,0.0,Saturday,1,Spring,Commercial,24,317.3,1559.9
2027-05-02,12.7,66.8,0.0,Sunday,1,Spring,Villa,2,1559.9,696.3
2027-05-03,26.7,48.1,0.0,Monday,0,Spring,Apartment,4,696.3,594.3
2027-05-04,20.0,38.7,0.0,Tuesday,0,Spring,Commercial,22,594.3,1552.0
05/05/2027,24.8,61.9,0.0,Wednesday,0,Spring,Apartment,3,1552.0,684.2
2027-05-06,24.3,34.8,0.0,Thursday,0,Spring,Villa,3,684.2,596.1
2027-05-07,22.0,95.0,0.0,Friday,0,Spring,Villa,2,596.1,412.7
2027-05-08,26.5,61.0,0.0,Saturday,1,Spring,Apartment,3,412.7,444.7
2027-05-09,31.9,41.6,0.0,Sunday,1,Spring,Villa,4,444.7,737.7
2027-05-10,26.6,45.8,0.0,Monday,0,Spring,Apartment,1,737.7,304.5
2027-05-11,26.1,63.3,0.0,Tuesday,0,Spring,Apartment,4,304.5,505.2
2027-05-12,31.2,37.9,3.3,Wednesday,0,Spring,Apartment,4,505.2,575.4
2027-05-13,15.9,79.3,0.0,Thursday,0,Spring,Apartment,3,575.4,447.3
2027-05-14,20.6,76.0,0.0,Friday,0,Spring,Villa,5,447.3,806.4
2027-05-15,27.2,53.9,0.0,Saturday,1,Spring,Apartment,2,806.4,467.3
2027-05-16,22.8,63.8,0.0,Sunday,1,Spring,Villa,6,467.3,887.1
2027-05-17,23.4,39.5,0.0,Monday,0,Spring,Apartment,4,887.1,631.4
2027-05-18,24.9,50.7,,Tuesday,0,Spring,Villa,5,631.4,818.5
2027-05-19,30.6,35.2,0.0,Wednesday,0,Spring,Villa,5,818.5,897.8
20/05/2027,21.3,69.4,11.3,Thursday,0,Spring,Apartment,1,897.8,304.1
2027-05-21,27.4,63.8,0.0,Friday,0,Spring,Apartment,1,304.1,224.4
2027-05-22,24.2,37.6,0.0,Saturday,1,Spring,Villa,2,224.4,408.8
2027-05-23,23.6,65.2,,Sunday,1,Spring,Apartment,4,408.8,525.0
2027-05-24,26.7,71.4,0.0,Monday,0,Spring,Villa,2,525.0,489.8
2027-05-25,28.6,52.2,0.0,Tuesday,0,Spring,Apartment,1,489.8,241.9
2027-05-26,27.3,47.2,0.0,Wednesday,0,Spring,Commercial,23,241.9,1568.5
2027-05-27,20.9,58.6,0.0,Thursday,0,Spring,Apartment,2,1568.5,608.3
2027-05-28,23.8,51.7,0.0,Friday,0,Spring,Apartment,2,608.3,350.3
2027-05-29,27.7,51.0,0.0,Saturday,1,Spring,Villa,6,350.3,970.4
2027-05-30,22.0,72.7,0.0,Sunday,1,Spring,Apartment,2,970.4,480.7
2027-05-31,26.2,38.6,0.0,Monday,0,Spring,Villa,6,480.7,920.3
2027-06-01,33.4,37.1,0.0,Tuesday,0,Summer,Villa,3,920.3,691.3
2027-06-02,34.5,51.1,0.0,Wednesday,0,Summer,Apartment,4,691.3,648.2
2027-06-03,32.5,53.0,0.0,Thursday,0,Summer,Apartment,3,648.2,504.2
04/06/2027,35.9,70.1,0.0,Friday,0,Summer,Villa,2,504.2,529.5
2027-06-05,43.5,39.5,0.0,Saturday,1,Summer,Commercial,5,529.5,483.3
2027-06-06,35.1,31.7,0.0,Sunday,1,Summer,Apartment,2,483.3,415.5
2027-06-07,37.5,34.6,0.0,Monday,0,Summer,Villa,5,415.5,832.9
2027-06-08,37.9,36.8,0.0,Tuesday,0,Summer,Apartment,4,832.9,687.7
2027-06-09,34.5,49.0,0.0,Wednesday,0,Summer,Apartment,1,687.7,291.1
2027-06-10,34.8,31.4,0.0,Thursday,0,Summer,Villa,3,291.1,572.6
2027-06-11,29.1,42.7,0.0,Friday,0,Summer,Villa,6,572.6,935.1
2027-06-12,28.3,47.5,0.0,Saturday,1,Summer,Apartment,4,935.1,690.9
2027-06-13,35.0,37.7,0.0,Sunday,1,Summer,Apartment,1,690.9,376.2
2027-06-14,31.1,38.5,0.0,Monday,0,Summer,Villa,6,376.2,895.4
2027-06-15,41.1,36.0,0.0,Tuesday,0,Summer,Apartment,4,895.4,710.9
2027-06-16,41.9,39.6,0.0,Wednesday,0,Summer,Apartment,2,710.9,470.8
2027-06-17,34.6,48.4,0.0,Thursday,0,Summer,Apartment,2,470.8,368.2
2027-06-18,32.7,60.8,0.0,Friday,0,Summer,Villa,3,368.2,557.5
19/06/2027,34.3,58.3,0.0,Saturday,1,Summer,Apartment,3,557.5,511.1
2027-06-20,30.5,47.9,0.0,Sunday,1,Summer,Villa,3,511.1,643.5
2027-06-21,37.5,35.5,0.0,Monday,0,Summer,Apartment,2,643.5,454.6
2027-06-22,33.7,36.7,0.0,Tuesday,0,Summer,Apartment,3,454.6,476.5
2027-06-23,28.9,64.7,3.1,Wednesday,0,Summer,Apartment,2,476.5,396.3
2027-06-24,40.4,67.1,0.0,Thursday,0,Summer,Villa,6,396.3,961.5
2027-06-25,36.4,56.5,0.0,Friday,0,Summer,Apartment,4,961.5,730.3
2027-06-26,31.7,36.5,0.0,Saturday,1,Summer,Villa,6,730.3,1058.3
2027-06-27,34.1,42.7,6.7,Sunday,1,Summer,Villa,2,1058.3,651.6
2027-06-28,36.1,38.1,0.0,Monday,0,Summer,Villa,5,651.6,915.3
2027-06-29,35.0,57.3,0.0,Tuesday,0,Summer,Villa,6,915.3,1073.0
2027-06-30,35.8,58.8,5.3,Wednesday,0,Summer,Apartment,1,1073.0,453.8
2027-07-01,36.1,34.2,0.0,Thursday,0,Summer,Villa,3,453.8,568.6
2027-07-02,36.4,25.9,0.0,Friday,0,Summer,Apartment,4,568.6,615.6
2027-07-03,31.4,55.7,0.0,Saturday,1,Summer,Villa,3,615.6,650.2
04/07/2027,34.7,48.2,0.0,Sunday,1,Summer,Apartment,2,650.2,472.0
2027-07-05,38.2,30.3,0.0,Monday,0,Summer,Villa,4,472.0,760.5
2027-07-06,25.0,56.0,0.0,Tuesday,0,Summer,Apartment,2,760.5,395.0
2027-07-07,30.2,47.6,1.7,Wednesday,0,Summer,Villa,4,395.0,662.2
2027-07-08,31.7,43.7,0.0,Thursday,0,Summer,Apartment,3,662.2,507.5
2027-07-09,29.7,55.6,0.0,Friday,0,Summer,Apartment,2,507.5,345.8
2027-07-10,29.3,55.2,0.0,Saturday,1,Summer,Apartment,1,345.8,252.4
2027-07-11,31.2,54.0,0.0,Sunday,1,Summer,Villa,4,252.4,647.6
2027-07-12,32.4,68.4,0.0,Monday,0,Summer,Villa,3,647.6,636.5
2027-07-13,31.7,47.0,0.0,Tuesday,0,Summer,Apartment,2,636.5,422.2
2027-07-14,27.3,54.2,0.0,Wednesday,0,Summer,Villa,5,422.2,806.2
2027-07-15,34.3,47.8,0.0,Thursday,0,Summer,Apartment,4,806.2,680.4
2027-07-16,32.7,44.0,,Friday,0,Summer,Apartment,1,680.4,326.7
2027-07-17,38.3,30.8,0.0,Saturday,1,Summer,Apartment,4,326.7,615.5
2027-07-18,37.5,23.0,0.0,Sunday,1,Summer,Villa,6,615.5,1038.1
19/07/2027,25.1,52.0,0.0,Monday,0,Summer,Villa,6,1038.1,1074.6
2027-07-20,33.0,54.6,0.0,Tuesday,0,Summer,Apartment,4,1074.6,746.9
2027-07-21,28.7,30.2,0.0,Wednesday,0,Summer,Apartment,4,746.9,658.1
2027-07-22,40.4,28.8,0.0,Thursday,0,Summer,Commercial,24,658.1,1777.8
2027-07-23,37.3,50.2,0.0,Friday,0,Summer,Apartment,1,1777.8,644.3
2027-07-24,28.2,34.9,0.0,Saturday,1,Summer,Villa,6,644.3,1020.2
2027-07-25,42.0,59.1,0.0,Sunday,1,Summer,Villa,3,1020.2,803.0
2027-07-26,38.1,46.4,0.0,Monday,0,Summer,Villa,6,803.0,1066.6
2027-07-27,24.7,47.9,0.0,Tuesday,0,Summer,Apartment,1,1066.6,385.3
2027-07-28,28.6,57.1,0.0,Wednesday,0,Summer,Apartment,2,385.3,308.8
2027-07-29,26.3,62.4,0.0,Thursday,0,Summer,Villa,2,308.8,400.3
2027-07-30,31.2,49.7,35.4,Friday,0,Summer,Villa,5,400.3,764.5
2027-07-31,42.6,62.4,0.0,Saturday,1,Summer,Villa,4,764.5,869.5
2027-08-01,30.4,49.8,0.0,Sunday,1,Summer,Villa,4,869.5,804.9
2027-08-02,29.6,40.2,0.0,Monday,0,Summer,Apartment,2,804.9,457.8
03/08/2027,39.3,35.5,0.0,Tuesday,0,Summer,Apartment,2,457.8,401.8
2027-08-04,34.0,41.0,0.0,Wednesday,0,Summer,Apartment,4,401.8,534.4
2027-08-05,36.3,50.7,0.0,Thursday,0,Summer,Apartment,2,534.4,396.2
2027-08-06,28.4,66.0,0.0,Friday,0,Summer,Villa,5,396.2,799.2
2027-08-07,36.1,62.4,0.0,Saturday,1,Summer,Apartment,3,799.2,601.4
2027-08-08,32.4,67.6,7.2,Sunday,1,Summer,Apartment,2,601.4,476.5
2027-08-09,39.8,34.6,0.0,Monday,0,Summer,Villa,3,476.5,615.4
2027-08-10,33.7,51.2,0.0,Tuesday,0,Summer,apartment,11,615.4,891.4
2027-08-11,34.3,18.3,0.0,Wednesday,0,Summer,Villa,3,891.4,723.0
2027-08-12,33.1,39.1,0.0,Thursday,0,Summer,Commercial,18,723.0,1399.8
2027-08-13,33.9,28.4,0.0,Friday,0,Summer,Apartment,2,1399.8,603.6
2027-08-14,26.5,43.6,0.0,Saturday,1,Summer,Apartment,1,603.6,326.5
2027-08-15,34.9,52.2,0.0,Sunday,1,Summer,Apartment,3,326.5,476.2
2027-08-16,37.4,37.8,0.0,Monday,0,Summer,Apartment,3,476.2,517.3
2027-08-17,32.0,44.5,0.0,Tuesday,0,Summer,Apartment,3,517.3,495.7
18/08/2027,33.7,37.5,0.0,Wednesday,0,Summer,Apartment,2,495.7,367.0
2027-08-19,34.7,52.3,0.0,Thursday,0,Summer,Apartment,4,367.0,565.8
2027-08-20,26.1,34.2,0.0,Friday,0,Summer,Apartment,1,565.8,235.8
2027-08-21,32.6,60.9,2.4,Saturday,1,Summer,Apartment,2,235.8,335.3
2027-08-22,35.5,56.3,0.0,Sunday,1,Summer,VILLA,4,335.3,748.1
2027-08-23,30.4,46.9,0.0,Monday,0,Summer,Villa,2,748.1,559.0
2027-08-24,40.2,41.7,0.0,Tuesday,0,Summer,apartment,6,559.0,1001.7
2027-08-25,24.5,70.4,0.0,Wednesday,0,Summer,Apartment,4,1001.7,695.2
2027-08-26,30.7,32.3,0.0,Thursday,0,Summer,Villa,5,695.2,891.2
2027-08-27,33.1,24.8,0.0,Friday,0,Summer,Villa,6,891.2,1052.3
2027-08-28,32.3,40.0,23.1,Saturday,1,Summer,Commercial ,3,1052.3,661.2
2027-08-29,35.4,38.6,0.0,Sunday,1,Summer,Apartment,2,661.2,457.1
2027-08-30,27.7,48.2,0.0,Monday,0,Summer,Apartment,3,457.1,445.5
2027-08-31,30.3,37.8,0.0,Tuesday,0,Summer,Apartment,3,445.5,440.9
2027-09-01,22.2,77.4,4.4,Wednesday,0,Autumn,Apartment,2,440.9,312.6
02/09/2027,25.2,67.9,0.0,Thursday,0,Autumn,Villa,3,312.6,505.2
2027-09-03,,52.6,0.0,Friday,0,Autumn,Apartment,3,505.2,460.9
2027-09-04,29.6,66.3,0.0,Saturday,1,Autumn,Villa,3,460.9,584.0
2027-09-05,20.7,50.0,0.0,Sunday,1,Autumn,Apartment,4,584.0,582.8
2027-09-06,29.6,70.3,0.0,Monday,0,Autumn,Villa,3,582.8,604.1
2027-09-07,24.1,63.9,0.0,Tuesday,0,Autumn,Villa,5,604.1,793.0
2027-09-08,18.3,55.0,11.9,Wednesday,0,Autumn,Apartment,1,793.0,350.4
2027-09-09,,48.5,0.0,Thursday,0,Autumn,Villa,2,350.4,425.8
2027-09-10,22.8,50.8,0.0,Friday,0,Autumn,Villa,3,425.8,521.3
2027-09-11,24.7,54.7,0.0,Saturday,1,Autumn,Apartment,3,521.3,491.7
2027-09-12,30.6,51.2,0.0,Sunday,1,Autumn,Villa,6,491.7,950.2
2027-09-13,10.5,64.8,42.0,Monday,0,Autumn,Villa,3,950.2,644.4
2027-09-14,19.6,50.4,0.0,Tuesday,0,Autumn,Commercial,9,644.4,744.7
2027-09-15,28.8,69.9,17.7,Wednesday,0,Autumn,Commercial,19,744.7,1445.1
2027-09-16,22.2,73.2,12.3,Thursday,0,Autumn,Apartment,1,1445.1,450.6
17/09/2027,19.1,61.3,0.0,Friday,0,Autumn,Apartment,1,450.6,212.2
2027-09-18,20.4,67.4,23.5,Saturday,1,Autumn,Commercial,9,212.2,533.5
2027-09-19,26.3,46.4,0.0,Sunday,1,Autumn,Commercial,7,533.5,503.7
2027-09-20,22.2,53.4,0.0,Monday,0,Autumn,Apartment,3,503.7,423.7
2027-09-21,23.1,71.8,3.1,Tuesday,0,Autumn,Commercial,17,423.7,1224.2
2027-09-22,20.1,67.2,2.6,Wednesday,0,Autumn,Apartment,1,1224.2,392.0
2027-09-23,22.0,57.2,0.0,Thursday,0,Autumn,Villa,6,392.0,862.3
2027-09-24,23.8,73.6,7.2,Friday,0,Autumn,Villa,6,862.3,1009.5
2027-09-25,25.3,63.0,0.0,Saturday,1,Autumn,Commercial,21,1009.5,1541.5
2027-09-26,25.5,46.9,0.0,Sunday,1,Autumn,Commercial,10,1541.5,945.7
2027-09-27,20.0,67.7,10.8,Monday,0,Autumn,Villa,3,945.7,611.5
2027-09-28,18.4,65.9,11.0,Tuesday,0,Autumn,Commercial,6,611.5,540.8
2027-09-29,26.4,49.9,0.0,Wednesday,0,Autumn,Apartment,3,540.8,465.0
2027-09-30,16.1,64.7,0.0,Thursday,0,Autumn,Apartment,3,465.0,426.0
2027-10-01,18.6,49.9,0.0,Friday,0,Autumn,Villa,5,426.0,751.5
02/10/2027,31.0,30.8,0.0,Saturday,1,Autumn,Apartment,2,751.5,510.5
2027-10-03,27.6,44.1,0.0,Sunday,1,Autumn,Apartment,4,510.5,619.4
2027-10-04,31.6,46.6,0.0,Monday,0,Autumn,Apartment,1,619.4,18500.0
2027-10-05,23.7,65.3,1.2,Tuesday,0,Autumn,Villa,6,298.0,869.8
2027-10-06,25.1,,2.7,Wednesday,0,Autumn,Villa,2,869.8,527.7
2027-10-07,15.8,78.7,0.0,Thursday,0,Autumn,Commercial,14,527.7,1038.8
2027-10-08,25.5,61.6,0.0,Friday,0,Autumn,Villa,3,1038.8,710.6
2027-10-09,15.8,88.2,0.0,Saturday,1,Autumn,Apartment,4,710.6,613.4
2027-10-10,14.3,66.2,0.0,Sunday,1,Autumn,Commercial,23,613.4,1580.8
2027-10-11,21.9,54.1,0.0,Monday,0,Autumn,Villa,2,1580.8,687.9
2027-10-12,26.9,41.2,0.0,Tuesday,0,Autumn,Villa,4,687.9,746.1
2027-10-13,25.4,37.8,0.0,Wednesday,0,Autumn,Apartment,1,746.1,289.9
2027-10-14,26.0,68.4,0.0,Thursday,0,Autumn,Apartment,4,289.9,533.3
2027-10-15,36.4,42.9,0.0,Friday,0,Autumn,Villa,6,533.3,985.9
2027-10-16,28.2,54.7,0.0,Saturday,1,Autumn,VILLA,5,985.9,943.9
17/10/2027,17.1,57.8,0.0,Sunday,1,Autumn,Villa,6,943.9,1029.6
2027-10-18,25.5,68.8,18.0,Monday,0,Autumn,Apartment,2,1029.6,490.3
2027-10-19,22.3,70.7,19.9,Tuesday,0,Autumn,Villa,6,490.3,843.3
2027-10-20,21.8,54.4,0.0,Wednesday,0,Autumn,Apartment,2,843.3,393.9
2027-10-21,21.6,63.3,1.0,Thursday,0,Autumn,Villa,2,393.9,410.9
2027-10-22,24.9,59.1,0.0,Friday,0,Autumn,Apartment,4,410.9,531.7
2027-10-23,16.7,70.8,0.0,Saturday,1,Autumn,Commercial,9,531.7,646.8
2027-10-24,17.5,62.2,0.0,Sunday,1,Autumn,Villa,5,646.8,861.6
2027-10-25,29.6,70.2,11.5,Monday,0,Autumn,Apartment,3,861.6,528.6
2027-10-26,21.8,65.8,25.7,Tuesday,0,Autumn,Apartment,3,528.6,451.5
2027-10-27,32.3,45.7,0.0,Wednesday,0,Autumn,Apartment,2,451.5,362.8
2027-10-28,12.6,64.3,0.0,Thursday,0,Autumn,Apartment,3,362.8,406.2
2027-10-29,17.1,71.6,0.0,Friday,0,Autumn,Commercial,14,406.2,1019.1
2027-10-30,27.7,43.9,0.0,Saturday,1,Autumn,Apartment,2,1019.1,521.8
2027-10-31,24.4,77.5,0.0,Sunday,1,Autumn,Apartment,3,521.8,462.4
01/11/2027,25.9,37.7,0.0,Monday,0,Autumn,Villa,2,462.4,476.9
2027-11-02,20.4,26.0,1.7,Tuesday,0,Autumn,Apartment,1,476.9,174.7
2027-11-03,20.6,70.2,0.0,Wednesday,0,Autumn,Apartment,1,174.7,106.5
2027-11-04,16.8,76.4,0.0,Thursday,0,Autumn,Apartment,4,106.5,435.1
2027-11-05,18.7,78.8,0.0,Friday,0,Autumn,Villa,6,435.1,865.0
2027-11-06,35.0,35.9,0.0,Saturday,1,Autumn,Apartment,4,865.0,718.1
2027-11-07,10.7,85.7,0.0,Sunday,1,Autumn,Villa,4,718.1,765.3
2027-11-08,21.2,60.7,3.4,Monday,0,Autumn, villa ,22,765.3,1573.8
2027-11-09,21.4,70.4,3.9,Tuesday,0,Autumn,Villa,2,1573.8,673.1
2027-11-10,21.5,77.3,0.2,Wednesday,0,Autumn,Apartment,4,673.1,567.9
2027-11-11,25.0,71.2,1.1,Thursday,0,Autumn,Apartment,3,567.9,467.9
2027-11-12,24.2,63.5,0.0,Friday,0,Autumn,Villa,5,467.9,794.3
2027-11-13,22.0,45.8,0.0,Saturday,1,Autumn,Apartment,2,794.3,440.5
2027-11-14,21.4,43.1,0.0,Sunday,1,Autumn,Apartment,3,440.5,447.4
2027-11-15,23.3,57.4,0.0,Monday,0,Autumn,Apartment,1,447.4,198.5
16/11/2027,30.6,34.6,0.0,Tuesday,0,Autumn,Villa,3,198.5,536.6
2027-11-17,17.4,58.5,0.0,Wednesday,0,Autumn,Villa,2,536.6,417.3
2027-11-18,20.2,53.2,0.0,Thursday,0,Autumn,Apartment,2,417.3,312.6
2027-11-19,26.9,75.1,9.8,Friday,0,Autumn,Apartment,3,312.6,462.7
2027-11-20,30.9,42.5,0.0,Saturday,1,Autumn,Apartment,4,462.7,592.9
2027-11-21,28.0,56.6,0.0,Sunday,1,Autumn,Apartment,4,592.9,625.1
2027-11-22,21.9,63.4,0.0,Monday,0,Autumn,Villa,5,625.1,834.5
2027-11-23,25.2,48.7,5.5,Tuesday,0,Autumn,  Apartment ,3,834.5,519.6
2027-11-24,22.3,72.6,43.3,Wednesday,0,Autumn,Villa,2,519.6,400.0
2027-11-25,27.6,29.5,0.0,Thursday,0,Autumn,Apartment,3,400.0,373.7
2027-11-26,22.6,50.8,0.0,Friday,0,Autumn,Villa,2,373.7,401.7
2027-11-27,26.2,74.2,0.0,Saturday,1,Autumn,Villa,3,401.7,544.5
2027-11-28,20.5,51.0,0.0,Sunday,1,Autumn,Apartment,2,544.5,337.3
2027-11-29,22.7,68.3,0.7,Monday,0,Autumn,Apartment,1,337.3,192.0
2027-11-30,29.1,65.6,0.0,Tuesday,0,Autumn,Villa,2,192.0,377.8
01/12/2027,22.4,67.3,0.0,Wednesday,0,Winter,Villa,4,377.8,670.4
2027-12-02,21.7,44.6,0.0,Thursday,0,Winter, villa ,5,670.4,804.3
2027-12-03,15.3,41.5,0.0,Friday,0,Winter,Villa,5,804.3,857.9
2027-12-04,20.1,54.7,11.2,Saturday,1,Winter,Apartment,1,857.9,346.1
2027-12-05,19.2,57.5,0.0,Sunday,1,Winter,Apartment,4,346.1,521.6
2027-12-06,14.6,78.2,0.0,Monday,0,Winter,Villa,4,521.6,666.5
2027-12-07,15.0,39.7,0.0,Tuesday,0,Winter,Apartment,3,666.5,489.6
2027-12-08,20.0,95.0,0.0,Wednesday,0,Winter,Apartment,1,489.6,232.9
2027-12-09,16.3,71.7,0.0,Thursday,0,Winter,Commercial ,3,232.9,483.8
2027-12-10,22.6,57.7,0.0,Friday,0,Winter,Villa,3,483.8,544.3
2027-12-11,15.8,44.0,0.0,Saturday,1,Winter,Villa,6,544.3,950.7
2027-12-12,10.6,92.2,0.0,Sunday,1,Winter,Apartment,2,950.7,460.4
2027-12-13,16.5,70.6,0.0,Monday,0,Winter,Villa,3,460.4,562.4
2027-12-14,13.5,56.3,16.8,Tuesday,0,Winter,Apartment,1,562.4,248.8
2027-12-15,19.7,54.4,0.0,Wednesday,0,Winter,Apartment,1,248.8,137.4
16/12/2027,10.9,56.8,0.0,Thursday,0,Winter,Villa,2,137.4,316.1
2027-12-17,15.0,56.3,0.0,Friday,0,Winter,Apartment,3,316.1,378.3
2027-12-18,9.9,61.2,0.0,Saturday,1,Winter,Apartment,2,378.3,303.0
2027-12-19,12.1,74.9,0.0,Sunday,1,Winter,Apartment,3,303.0,416.9
2027-12-20,20.1,62.2,0.0,Monday,0,Winter,Commercial,9,416.9,691.1
2027-12-21,19.5,68.9,0.0,Tuesday,0,Winter,Commercial,17,691.1,1278.3
2027-12-22,19.1,61.3,0.0,Wednesday,0,Winter,Apartment,4,1278.3,736.7
2027-12-23,18.3,62.4,0.0,Thursday,0,Winter,Apartment,3,736.7,489.2
2027-12-24,25.4,64.1,11.9,Friday,0,Winter,Apartment,4,489.2,544.8
2027-12-25,17.8,57.1,0.0,Saturday,1,Winter, villa ,3,544.8,488.3
2027-12-26,17.0,82.6,0.0,Sunday,1,Winter,Villa,6,488.3,892.8
2027-12-27,22.0,73.8,0.0,Monday,0,Winter,Villa,4,892.8,799.8
2027-12-28,17.0,58.5,0.0,Tuesday,0,Winter,Villa,4,799.8,726.1
2027-12-29,8.9,,0.0,Wednesday,0,Winter,Apartment,3,726.1,481.2
2027-12-30,17.9,55.2,0.0,Thursday,0,Winter,Apartment,2,481.2,353.7
31/12/2027,13.6,69.9,0.0,Friday,0,Winter,apartment,2,353.7,306.8
2028-01-01,14.0,95.0,0.0,Saturday,1,Winter,Villa,6,306.8,879.4
2028-01-02,10.2,72.3,0.0,Sunday,1,Winter,Apartment,4,879.4,647.4
2028-01-03,14.3,73.8,0.0,Monday,0,Winter,Villa,6,647.4,956.2
2028-01-04,16.6,73.9,0.0,Tuesday,0,Winter,Apartment,2,956.2,451.0
2028-01-05,4.3,61.6,6.6,Wednesday,0,Winter,Apartment,4,451.0,505.3
2028-01-06,16.1,67.8,0.0,Thursday,0,Winter,Apartment,1,505.3,234.4
2028-01-07,17.6,51.7,0.0,Friday,0,Winter,Apartment,4,234.4,491.0
2028-01-08,18.7,69.9,0.0,Saturday,1,Winter,Apartment,1,491.0,241.0
2028-01-09,15.1,75.0,0.0,Sunday,1,Winter,Commercial,15,241.0,938.5
2028-01-10,19.1,54.1,0.0,Monday,0,Winter,Apartment,4,938.5,618.9
2028-01-11,13.3,24.5,0.0,Tuesday,0,Winter,Apartment,2,618.9,346.6
2028-01-12,10.8,79.6,0.0,Wednesday,0,Winter,Apartment,1,346.6,168.0
2028-01-13,7.4,82.0,0.0,Thursday,0,Winter,Apartment,3,168.0,337.5
2028-01-14,16.7,50.2,0.0,Friday,0,Winter,Villa,2,337.5,360.2
15/01/2028,17.7,56.2,0.0,Saturday,1,Winter,Villa,3,360.2,551.9
2028-01-16,16.7,35.6,0.0,Sunday,1,Winter,Villa,4,551.9,691.6
2028-01-17,13.3,71.4,0.0,Monday,0,Winter,Commercial ,2,691.6,383.3
2028-01-18,10.5,68.2,0.0,Tuesday,0,Winter,  Apartment ,4,383.3,499.9
2028-01-19,11.8,63.3,0.0,Wednesday,0,Winter,Commercial,11,499.9,-99.0
2028-01-20,12.8,,0.0,Thursday,0,Winter,Villa,5,862.6,858.0
2028-01-21,20.8,45.0,0.0,Friday,0,Winter,Apartment,3,858.0,514.5
2028-01-22,14.6,45.2,5.0,Saturday,1,Winter,Apartment,2,514.5,376.9
2028-01-23,14.0,72.1,0.0,Sunday,1,Winter,Villa,5,376.9,783.9
2028-01-24,12.9,56.7,2.5,Monday,0,Winter,Villa,3,783.9,618.7
2028-01-25,19.1,63.8,0.0,Tuesday,0,Winter,Apartment,4,618.7,593.5
2028-01-26,18.6,39.7,0.0,Wednesday,0,Winter,Apartment,3,593.5,475.8
2028-01-27,2.0,58.7,0.0,Thursday,0,Winter,Apartment,4,475.8,507.5
2028-01-28,17.6,48.4,0.0,Friday,0,Winter,Apartment,4,507.5,521.3
2028-01-29,11.3,85.8,0.0,Saturday,1,Winter,Apartment,2,521.3,345.5
30/01/2028,11.6,48.8,0.0,Sunday,1,Winter,Commercial,9,345.5,624.1
2028-01-31,14.5,43.4,0.0,Monday,0,Winter,Apartment,4,624.1,548.2
2028-02-01,13.9,86.7,0.0,Tuesday,0,Winter,Villa,5,548.2,754.1
2028-02-02,26.4,32.1,0.0,Wednesday,0,Winter,Apartment,3,754.1,504.5
2028-02-03,15.5,49.2,0.0,Thursday,0,Winter, villa ,4,504.5,666.3
2028-02-04,3.9,65.4,1.6,Friday,0,Winter,Villa,5,666.3,831.7
2028-02-05,13.9,52.5,9.2,Saturday,1,Winter,Apartment,2,831.7,427.0
2028-02-06,17.1,75.9,0.0,Sunday,1,Winter,Apartment,3,427.0,423.8
2028-02-07,13.4,51.1,0.0,Monday,0,Winter,Villa,6,423.8,873.3
2028-02-08,13.2,49.5,0.0,Tuesday,0,Winter,Commercial,14,873.3,1115.4
2028-02-09,6.8,83.6,0.0,Wednesday,0,Winter,Villa,2,1115.4,550.1
2028-02-10,26.4,46.8,0.0,Thursday,0,Winter,Apartment,2,550.1,359.1
2028-02-11,14.9,66.1,25.2,Friday,0,Winter,Villa,6,359.1,822.3
2028-02-12,16.0,46.8,0.0,Saturday,1,Winter,Villa,2,822.3,519.1
2028-02-13,18.5,60.7,0.0,Sunday,1,Winter,Commercial,13,519.1,890.3
14/02/2028,23.8,65.6,0.0,Monday,0,Winter,Villa,3,890.3,646.9
2028-02-15,17.7,55.7,0.0,Tuesday,0,Winter,Commercial,23,646.9,1628.2
2028-02-16,12.2,95.0,0.0,Wednesday,0,Winter,Villa,6,1628.2,1220.3
2028-02-17,21.7,66.4,6.8,Thursday,0,Winter,Villa,4,1220.3,840.9
2028-02-18,14.3,56.5,0.0,Friday,0,Winter,Apartment,2,840.9,375.0
2028-02-19,15.9,44.0,0.0,Saturday,1,Winter,Apartment,4,375.0,534.2
2028-02-20,18.2,74.2,0.0,Sunday,1,Winter,Commercial,5,534.2,374.6
2028-02-21,10.6,62.8,0.0,Monday,0,Winter,Commercial,17,374.6,1175.4
2028-02-22,15.4,61.7,0.0,Tuesday,0,Winter,Villa,4,1175.4,848.7
2028-02-23,8.2,71.2,0.0,Wednesday,0,Winter,Apartment,2,848.7,383.0
2028-02-24,17.2,67.4,0.0,Thursday,0,Winter,Apartment,2,383.0,315.7
2028-02-25,13.8,70.5,0.0,Friday,0,Winter,Apartment,4,315.7,464.1
2028-02-26,10.7,54.6,0.0,Saturday,1,Winter,Villa,2,464.1,437.9
2028-02-27,14.0,80.3,0.0,Sunday,1,Winter,Villa,5,437.9,786.2
2028-02-28,22.9,74.5,0.0,Monday,0,Winter,Apartment,4,786.2,597.6
29/02/2028,20.4,74.9,0.0,Tuesday,0,Winter,Apartment,1,597.6,240.3
2028-03-01,30.5,50.9,0.0,Wednesday,0,Spring,Villa,4,240.3,644.6
2028-03-02,,74.8,0.0,Thursday,0,Spring,Apartment,1,644.6,298.4
2028-03-03,25.2,68.5,0.0,Friday,0,Spring,Villa,6,298.4,876.2
2028-03-04,30.0,61.9,9.0,Saturday,1,Spring,Apartment,3,876.2,558.2
2028-03-05,25.8,60.6,0.0,Sunday,1,Spring,Apartment,4,558.2,580.6
2028-03-06,26.6,37.7,0.0,Monday,0,Spring,Apartment,3,580.6,455.4
2028-03-07,22.0,63.4,5.3,Tuesday,0,Spring,Villa,5,455.4,730.3
2028-03-08,19.5,61.0,4.4,Wednesday,0,Spring,Apartment,1,730.3,264.2
2028-03-09,22.6,54.6,0.0,Thursday,0,Spring,Apartment,2,264.2,272.6
2028-03-10,26.3,34.1,0.0,Friday,0,Spring,Villa,3,272.6,497.4
2028-03-11,28.5,37.6,0.0,Saturday,1,Spring,Villa,6,497.4,984.2
2028-03-12,23.6,56.7,0.0,Sunday,1,Spring,Apartment,4,984.2,666.2
2028-03-13,24.2,90.4,0.0,Monday,0,Spring,Apartment,2,666.2,381.7
2028-03-14,20.3,75.3,0.0,Tuesday,0,Spring,Apartment,4,381.7,494.2
15/03/2028,21.2,57.1,0.0,Wednesday,0,Spring,Apartment,4,494.2,517.5
2028-03-16,24.7,49.0,0.0,Thursday,0,Spring,Apartment,2,517.5,355.6
2028-03-17,26.5,58.2,0.0,Friday,0,Spring,apartment,4,355.6,536.0
2028-03-18,27.9,51.0,,Saturday,1,Spring,Apartment,2,536.0,357.7
2028-03-19,21.6,78.5,0.0,Sunday,1,Spring,Apartment,1,357.7,190.1
2028-03-20,21.1,73.5,0.0,Monday,0,Spring,Villa,5,190.1,720.0
2028-03-21,20.6,48.0,0.0,Tuesday,0,Spring,Commercial,15,720.0,1165.5
2028-03-22,30.4,52.6,0.0,Wednesday,0,Spring,Apartment,4,1165.5,753.5
2028-03-23,26.9,54.9,0.0,Thursday,0,Spring,Apartment,2,753.5,426.7
2028-03-24,20.1,55.0,0.0,Friday,0,Spring,Apartment,4,426.7,498.8
2028-03-25,21.3,60.1,0.0,Saturday,1,Spring,Apartment,3,498.8,505.9
2028-03-26,28.7,58.4,0.0,Sunday,1,Spring,Commercial,18,505.9,1244.2
2028-03-27,22.6,57.8,17.0,Monday,0,Spring,Apartment,2,1244.2,514.7
2028-03-28,19.5,67.5,0.0,Tuesday,0,Spring,Apartment,3,514.7,454.6
2028-03-29,27.0,46.7,0.0,Wednesday,0,Spring,Apartment,2,454.6,298.5
30/03/2028,29.8,37.9,1.7,Thursday,0,Spring,Villa,2,298.5,406.1
2028-03-31,19.9,58.3,0.0,Friday,0,Spring,Villa,6,406.1,842.2
2028-04-01,29.9,49.3,0.0,Saturday,1,Spring,Apartment,2,842.2,471.4
2028-04-02,23.9,43.8,0.0,Sunday,1,Spring,Commercial,16,471.4,1076.7
2028-04-03,,57.5,0.0,Monday,0,Spring,Apartment,1,1076.7,375.3
2028-04-04,29.4,50.5,0.0,Tuesday,0,Spring,Apartment,4,375.3,554.8
2028-04-05,23.5,59.5,0.0,Wednesday,0,Spring,Apartment,4,554.8,539.3
2028-04-06,24.1,53.8,0.0,Thursday,0,Spring,Commercial,16,539.3,1217.2
2028-04-07,33.6,56.1,5.0,Friday,0,Spring,Apartment,1,1217.2,469.2
2028-04-08,23.1,58.3,0.0,Saturday,1,Spring,Apartment,1,469.2,222.4
2028-04-09,26.9,46.7,0.0,Sunday,1,Spring,Commercial,18,222.4,1156.1
2028-04-10,24.2,68.3,0.0,Monday,0,Spring,Apartment,1,1156.1,396.8
2028-04-11,22.8,57.7,0.0,Tuesday,0,Spring,Villa,2,396.8,411.8
2028-04-12,25.6,62.5,0.0,Wednesday,0,Spring,Apartment,2,411.8,306.6
2028-04-13,23.3,59.5,2.6,Thursday,0,Spring,Apartment,3,306.6,381.3
14/04/2028,26.0,57.1,0.0,Friday,0,Spring,Apartment,3,381.3,409.1
2028-04-15,28.5,57.7,0.0,Saturday,1,Spring,Apartment,4,409.1,515.5
2028-04-16,23.2,39.1,0.0,Sunday,1,Spring,Villa,6,515.5,906.8
2028-04-17,21.4,53.5,0.0,Monday,0,Spring,Villa,4,906.8,773.8
2028-04-18,19.1,53.1,0.0,Tuesday,0,Spring,Villa,3,773.8,622.8
2028-04-19,20.6,72.9,0.0,Wednesday,0,Spring,Apartment,4,622.8,538.6
2028-04-20,26.0,56.3,0.0,Thursday,0,Spring,Apartment,4,538.6,526.6
2028-04-21,26.7,21.1,0.0,Friday,0,Spring,Villa,6,526.6,932.0
2028-04-22,23.3,46.7,0.0,Saturday,1,Spring,Villa,6,932.0,1031.6
2028-04-23,25.9,37.3,0.0,Sunday,1,Spring,Apartment,3,1031.6,581.6
2028-04-24,22.8,61.1,0.0,Monday,0,Spring,Apartment,1,581.6,231.3
2028-04-25,30.1,52.2,6.0,Tuesday,0,Spring,Apartment,4,231.3,486.2
2028-04-26,22.3,66.0,0.0,Wednesday,0,Spring,Apartment,1,486.2,214.8
2028-04-27,29.6,,0.0,Thursday,0,Spring,Apartment,4,214.8,457.5
2028-04-28,29.6,48.9,0.0,Friday,0,Spring,VILLA,19,457.5,1392.8
29/04/2028,,51.4,0.0,Saturday,1,Spring,Apartment,1,1392.8,464.2
2028-04-30,23.2,66.5,0.0,Sunday,1,Spring,Villa,3,464.2,537.2
2028-05-01,19.9,76.1,0.0,Monday,0,Spring,Villa,5,537.2,812.4
2028-05-02,27.2,39.7,0.0,Tuesday,0,Spring,Apartment,2,812.4,475.1
2028-05-03,25.7,51.2,0.0,Wednesday,0,Spring,Apartment,4,475.1,512.7
2028-05-04,30.7,42.4,0.0,Thursday,0,Spring,Apartment,3,512.7,498.8
2028-05-05,20.1,53.1,0.0,Friday,0,Spring,Villa,6,498.8,903.7
2028-05-06,28.6,72.1,0.0,Saturday,1,Spring,Villa,2,903.7,589.8
2028-05-07,27.3,63.6,0.0,Sunday,1,Spring,Apartment,4,589.8,597.2
2028-05-08,25.8,53.1,0.0,Monday,0,Spring,Apartment,4,597.2,578.4
2028-05-09,22.4,41.2,0.0,Tuesday,0,Spring,Apartment,1,578.4,232.7
2028-05-10,16.3,47.1,0.0,Wednesday,0,Spring,Apartment,2,232.7,238.3
2028-05-11,28.4,42.8,0.0,Thursday,0,Spring, villa ,5,238.3,729.3
2028-05-12,22.5,57.5,0.0,Friday,0,Spring,Apartment,3,729.3,481.6
2028-05-13,32.5,57.7,0.0,Saturday,1,Spring,Villa,4,481.6,738.0
14/05/2028,23.6,39.7,0.0,Sunday,1,Spring,Apartment,4,738.0,601.8
2028-05-15,23.4,70.0,0.0,Monday,0,Spring,Apartment,2,601.8,345.2
2028-05-16,24.6,45.1,0.0,Tuesday,0,Spring,Commercial,10,345.2,757.1
2028-05-17,28.2,54.4,0.0,Wednesday,0,Spring,Apartment,4,757.1,661.0
2028-05-18,23.8,58.9,0.0,Thursday,0,Spring,Apartment,3,661.0,478.7
2028-05-19,24.5,55.3,0.0,Friday,0,Spring,Apartment,2,478.7,322.1
2028-05-20,29.0,57.0,0.0,Saturday,1,Spring,VILLA,2,322.1,362.0
2028-05-21,22.9,62.7,0.0,Sunday,1,Spring,Apartment,1,362.0,234.3
2028-05-22,32.4,66.5,0.0,Monday,0,Spring,Apartment,4,234.3,489.2
2028-05-23,16.4,49.5,0.0,Tuesday,0,Spring,Apartment,2,489.2,318.5
2028-05-24,23.8,73.4,0.0,Wednesday,0,Spring,Apartment,2,318.5,290.9
2028-05-25,20.9,70.2,0.0,Thursday,0,Spring,Apartment,3,290.9,369.7
2028-05-26,25.2,51.4,4.1,Friday,0,Spring,Apartment,4,369.7,499.4
2028-05-27,30.3,37.3,0.0,Saturday,1,Spring,Villa,5,499.4,832.6
2028-05-28,26.7,56.3,0.0,Sunday,1,Spring,Apartment,1,832.6,348.4
29/05/2028,25.3,58.4,0.0,Monday,0,Spring,Apartment,1,348.4,216.5
2028-05-30,15.4,85.5,0.0,Tuesday,0,Spring,Villa,6,216.5,829.7
2028-05-31,15.8,,0.0,Wednesday,0,Spring,Apartment,2,829.7,409.9
2028-06-01,35.0,32.5,0.0,Thursday,0,Summer,Apartment,4,409.9,575.6
2028-06-02,28.3,54.5,0.0,Friday,0,Summer,Apartment,3,575.6,490.7
2028-06-03,37.5,44.0,0.0,Saturday,1,Summer,Commercial,9,490.7,700.6
2028-06-04,31.0,52.3,0.0,Sunday,1,Summer,Apartment,4,700.6,630.0
2028-06-05,26.9,51.9,3.9,Monday,0,Summer,Apartment,2,630.0,420.8
2028-06-06,37.7,51.9,0.0,Tuesday,0,Summer,Apartment,3,420.8,487.1
2028-06-07,37.7,33.5,0.0,Wednesday,0,Summer,Villa,6,487.1,1003.7
2028-06-08,32.3,64.3,,Thursday,0,Summer,Villa,2,1003.7,617.5
2028-06-09,35.0,63.9,6.5,Friday,0,Summer,Villa,2,617.5,478.1
2028-06-10,40.0,26.5,9.4,Saturday,1,Summer,Apartment,2,478.1,424.5
2028-06-11,24.0,57.2,0.0,Sunday,1,Summer,Villa,4,424.5,704.2
2028-06-12,27.6,50.4,0.0,Monday,0,Summer,Apartment,1,704.2,313.1
13/06/2028,43.4,21.8,0.0,Tuesday,0,Summer,Apartment,4,313.1,619.4
2028-06-14,28.9,,0.0,Wednesday,0,Summer,Villa,3,619.4,597.1
2028-06-15,31.7,66.3,0.0,Thursday,0,Summer,Apartment,4,597.1,591.6
2028-06-16,34.3,58.3,0.0,Friday,0,Summer,Villa,2,591.6,492.5
2028-06-17,30.5,26.3,0.0,Saturday,1,Summer,Apartment,4,492.5,599.0
2028-06-18,42.8,32.4,0.0,Sunday,1,Summer,Apartment,3,599.0,601.3
2028-06-19,36.7,30.0,0.0,Monday,0,Summer,Apartment,4,601.3,618.9
2028-06-20,20.0,62.2,0.1,Tuesday,0,Summer,Villa,3,618.9,602.8
2028-06-21,,35.5,0.0,Wednesday,0,Summer,Apartment,1,602.8,334.1
2028-06-22,42.5,51.1,0.0,Thursday,0,Summer,Villa,4,334.1,747.6
2028-06-23,35.8,36.3,0.0,Friday,0,Summer,Villa,2,747.6,542.8
2028-06-24,35.4,46.5,0.0,Saturday,1,Summer,Villa,2,542.8,487.9
2028-06-25,42.5,15.0,0.0,Sunday,1,Summer,Apartment,2,487.9,428.1
2028-06-26,36.8,55.4,0.0,Monday,0,Summer,Apartment,3,428.1,503.6
2028-06-27,27.3,25.6,0.0,Tuesday,0,Summer,Apartment,3,503.6,454.8
28/06/2028,30.0,71.3,6.7,Wednesday,0,Summer,Apartment,2,454.8,370.9
2028-06-29,33.1,54.3,0.0,Thursday,0,Summer,Apartment,1,370.9,230.3
2028-06-30,31.8,55.6,0.0,Friday,0,Summer,Apartment,1,230.3,217.6
2028-07-01,36.2,39.2,28.2,Saturday,1,Summer,Villa,2,217.6,406.3
2028-07-02,27.3,42.1,0.0,Sunday,1,Summer,Apartment,2,406.3,375.3
2028-07-03,33.3,34.4,0.0,Monday,0,Summer,Apartment,2,375.3,352.6
2028-07-04,40.9,53.9,0.0,Tuesday,0,Summer,Villa,2,352.6,461.8
2028-07-05,29.7,56.0,0.0,Wednesday,0,Summer,Commercial,11,461.8,844.1
2028-07-06,32.6,43.7,0.0,Thursday,0,Summer,Apartment,3,844.1,582.0
2028-07-07,28.2,60.6,0.0,Friday,0,Summer,Apartment,2,582.0,348.8
2028-07-08,33.7,76.6,1.0,Saturday,1,Summer,Apartment,3,348.8,486.8
2028-07-09,33.7,46.9,0.0,Sunday,1,Summer,Apartment,3,486.8,491.1
2028-07-10,40.0,33.7,0.0,Monday,0,Summer,Apartment,1,491.1,313.7
2028-07-11,38.6,38.8,0.0,Tuesday,0,Summer,Villa,5,313.7,832.5
2028-07-12,37.4,53.4,0.0,Wednesday,0,Summer,Apartment,1,832.5,409.1
13/07/2028,42.7,39.1,0.0,Thursday,0,Summer,Apartment,3,409.1,514.8
2028-07-14,32.4,73.7,0.0,Friday,0,Summer,Villa,5,514.8,814.5
2028-07-15,32.3,47.2,0.0,Saturday,1,Summer,Villa,4,814.5,806.2
2028-07-16,28.5,62.6,0.1,Sunday,1,Summer,Apartment,2,806.2,468.0
2028-07-17,37.5,52.4,0.0,Monday,0,Summer,apartment,6,468.0,978.8
2028-07-18,26.8,57.5,0.0,Tuesday,0,Summer,Apartment,1,978.8,377.7
2028-07-19,35.1,38.0,0.0,Wednesday,0,Summer,Villa,6,377.7,934.0
2028-07-20,35.3,39.0,0.0,Thursday,0,Summer,Apartment,3,934.0,585.3
2028-07-21,39.3,36.1,0.0,Friday,0,Summer,Villa,3,585.3,671.9
2028-07-22,27.7,50.5,0.0,Saturday,1,Summer,Apartment,3,671.9,543.1
2028-07-23,35.3,34.1,0.0,Sunday,1,Summer,Villa,2,543.1,542.4
2028-07-24,27.1,79.5,0.0,Monday,0,Summer,Apartment,4,542.4,579.0
2028-07-25,26.2,43.8,0.0,Tuesday,0,Summer,Villa,2,579.0,489.0
2028-07-26,39.3,55.4,0.0,Wednesday,0,Summer,Apartment,3,489.0,500.2
2028-07-27,28.6,63.1,13.4,Thursday,0,Summer,Villa,5,500.2,791.2
28/07/2028,30.9,57.0,0.0,Friday,0,Summer,Villa,5,791.2,882.9
2028-07-29,33.4,51.8,0.0,Saturday,1,Summer,Apartment,1,882.9,428.1
2028-07-30,33.1,30.7,0.0,Sunday,1,Summer,Apartment,1,428.1,317.4
2028-07-31,36.9,39.0,0.0,Monday,0,Summer,Apartment,2,317.4,362.0
2028-08-01,27.2,46.6,0.0,Tuesday,0,Summer,Apartment,2,362.0,316.0
2028-08-02,39.3,43.5,33.8,Wednesday,0,Summer,Villa,2,316.0,422.2
2028-08-03,30.5,52.0,0.0,Thursday,0,Summer,Commercial,14,422.2,1050.8
2028-08-04,38.8,48.0,0.0,Friday,0,Summer,Apartment,4,1050.8,743.3
2028-08-05,25.0,55.3,0.0,Saturday,1,Summer,Villa,2,743.3,479.7
2028-08-06,33.1,47.5,0.0,Sunday,1,Summer,Villa,6,479.7,979.2
2028-08-07,38.0,55.3,0.0,Monday,0,Summer,Apartment,4,979.2,707.6
2028-08-08,30.7,40.1,0.0,Tuesday,0,Summer,Apartment,1,707.6,307.5
2028-08-09,27.9,60.7,25.2,Wednesday,0,Summer,Apartment,1,307.5,202.8
2028-08-10,34.8,43.4,0.0,Thursday,0,Summer,Villa,6,202.8,914.5
2028-08-11,40.6,60.1,2.7,Friday,0,Summer,Apartment,1,914.5,420.9
12/08/2028,34.0,34.4,3.2,Saturday,1,Summer,Villa,4,420.9,696.0
2028-08-13,32.2,42.0,0.0,Sunday,1,Summer,Apartment,1,696.0,360.8
2028-08-14,32.4,29.0,0.0,Monday,0,Summer,Apartment,4,360.8,537.5
2028-08-15,32.1,45.3,22.0,Tuesday,0,Summer,Commercial,11,537.5,886.5
2028-08-16,33.0,37.9,0.0,Wednesday,0,Summer,Apartment,4,886.5,668.4
2028-08-17,47.2,22.8,6.5,Thursday,0,Summer,Villa,3,668.4,683.2
2028-08-18,31.1,68.3,3.0,Friday,0,Summer,Villa,3,683.2,622.4
2028-08-19,25.9,70.5,4.1,Saturday,1,Summer,Commercial,12,622.4,878.1
2028-08-20,33.4,43.8,0.0,Sunday,1,Summer,Villa,2,878.1,596.1
2028-08-21,26.0,61.6,10.1,Monday,0,Summer,Apartment,4,596.1,545.9
2028-08-22,41.0,43.1,0.0,Tuesday,0,Summer,Apartment,3,545.9,541.7
2028-08-23,38.3,46.4,0.0,Wednesday,0,Summer,Commercial,7,541.7,671.8
2028-08-24,27.2,53.7,0.0,Thursday,0,Summer,Apartment,2,671.8,382.7
2028-08-25,28.6,64.1,0.0,Friday,0,Summer,Apartment,1,382.7,263.8
2028-08-26,33.5,46.4,0.0,Saturday,1,Summer,Apartment,2,263.8,333.6
27/08/2028,29.5,56.9,0.0,Sunday,1,Summer,Apartment,2,333.6,356.1
2028-08-28,32.5,67.2,0.0,Monday,0,Summer,Apartment,3,356.1,435.1
2028-08-29,27.0,42.3,1.3,Tuesday,0,Summer,Villa,5,435.1,784.0
2028-08-30,38.2,52.2,0.0,Wednesday,0,Summer,Villa,5,784.0,939.6
2028-08-31,37.2,41.8,10.3,Thursday,0,Summer,Apartment,4,939.6,713.2
2028-09-01,23.1,54.9,0.0,Friday,0,Autumn,Apartment,2,713.2,385.1
2028-09-02,27.0,36.2,0.0,Saturday,1,Autumn,Apartment,4,385.1,549.7
2028-09-03,24.6,51.6,0.0,Sunday,1,Autumn,Apartment,1,549.7,274.5
2028-09-04,20.6,53.2,0.0,Monday,0,Autumn,Villa,3,274.5,488.1
2028-09-05,24.6,75.1,16.9,Tuesday,0,Autumn,Commercial,17,488.1,1239.6
2028-09-06,20.5,52.9,0.0,Wednesday,0,Autumn,Villa,6,1239.6,1091.6
2028-09-07,21.3,54.0,0.0,Thursday,0,Autumn,Apartment,4,1091.6,641.4
2028-09-08,26.4,75.3,8.5,Friday,0,Autumn,Apartment,4,641.4,563.8
2028-09-09,19.5,67.0,0.0,Saturday,1,Autumn,Apartment,4,563.8,563.0
2028-09-10,27.3,41.3,0.0,Sunday,1,Autumn,Apartment,1,563.0,292.0
11/09/2028,27.9,54.6,0.0,Monday,0,Autumn,Apartment,2,292.0,305.9
2028-09-12,25.5,46.2,0.0,Tuesday,0,Autumn,Apartment,1,305.9,192.6
2028-09-13,19.6,59.6,0.0,Wednesday,0,Autumn,Apartment,2,192.6,250.4
2028-09-14,24.6,40.7,0.0,Thursday,0,Autumn,Apartment,2,250.4,246.0
2028-09-15,26.6,36.3,0.0,Friday,0,Autumn,Apartment,3,246.0,424.2
2028-09-16,25.3,72.5,0.0,Saturday,1,Autumn,Apartment,4,424.2,529.8
2028-09-17,15.6,61.4,0.0,Sunday,1,Autumn,Apartment,4,529.8,586.4
2028-09-18,15.6,66.8,2.0,Monday,0,Autumn,Villa,5,586.4,812.5
2028-09-19,16.5,87.4,15.5,Tuesday,0,Autumn,Commercial,16,812.5,1199.4
2028-09-20,25.4,57.5,0.0,Wednesday,0,Autumn,Apartment,2,1199.4,523.6
2028-09-21,26.9,63.2,21.5,Thursday,0,Autumn,Villa,5,523.6,817.5
2028-09-22,24.9,58.4,0.0,Friday,0,Autumn,Apartment,2,817.5,434.2
2028-09-23,27.2,44.5,,Saturday,1,Autumn,Commercial,12,434.2,835.3
2028-09-24,23.3,60.2,0.0,Sunday,1,Autumn,Apartment,1,835.3,314.0
2028-09-25,25.3,56.0,0.0,Monday,0,Autumn,Apartment,1,314.0,187.3
26/09/2028,25.7,58.2,0.0,Tuesday,0,Autumn,Apartment,4,187.3,435.4
2028-09-27,20.3,67.4,0.0,Wednesday,0,Autumn,Commercial,8,435.4,631.5
2028-09-28,19.6,71.0,0.0,Thursday,0,Autumn,Villa,3,631.5,594.3
2028-09-29,25.4,56.8,0.0,Friday,0,Autumn,Commercial,24,594.3,1700.4
2028-09-30,25.2,51.8,0.0,Saturday,1,Autumn,Villa,4,1700.4,992.4
2028-10-01,23.2,50.8,0.0,Sunday,1,Autumn,Commercial,21,992.4,1546.8
2028-10-02,17.4,82.2,6.7,Monday,0,Autumn,Apartment,1,1546.8,467.7
2028-10-03,17.1,64.6,0.0,Tuesday,0,Autumn,Villa,3,467.7,540.4
2028-10-04,24.2,45.5,0.0,Wednesday,0,Autumn,Villa,5,540.4,824.5
2028-10-05,28.9,73.5,0.0,Thursday,0,Autumn,Commercial,15,824.5,1230.5
2028-10-06,19.4,52.3,0.0,Friday,0,Autumn,Villa,6,1230.5,1102.8
2028-10-07,18.6,45.7,0.0,Saturday,1,Autumn,Apartment,3,1102.8,625.8
2028-10-08,29.4,34.3,0.0,Sunday,1,Autumn,Apartment,4,625.8,612.9
2028-10-09,32.4,53.9,0.0,Monday,0,Autumn,Apartment,4,612.9,614.8
2028-10-10,24.0,39.0,0.0,Tuesday,0,Autumn,Villa,3,614.8,574.2
11/10/2028,26.5,,0.0,Wednesday,0,Autumn,Villa,6,574.2,936.0
2028-10-12,30.0,59.9,,Thursday,0,Autumn,Villa,5,936.0,910.6
2028-10-13,18.1,34.0,10.5,Friday,0,Autumn,Villa,5,910.6,875.6
2028-10-14,31.4,47.2,0.0,Saturday,1,Autumn,Apartment,1,875.6,394.6
2028-10-15,23.0,61.0,7.0,Sunday,1,Autumn,Apartment,2,394.6,332.5
2028-10-16,26.4,59.7,3.6,Monday,0,Autumn,Villa,4,332.5,665.0
2028-10-17,18.9,54.6,7.1,Tuesday,0,Autumn,Villa,3,665.0,539.9
2028-10-18,22.7,56.0,0.0,Wednesday,0,Autumn,Commercial,6,539.9,546.0
2028-10-19,34.9,60.0,0.3,Thursday,0,Autumn,Villa,2,546.0,500.3
2028-10-20,29.2,,14.9,Friday,0,Autumn,Apartment,1,500.3,251.8
2028-10-21,12.4,70.4,24.1,Saturday,1,Autumn,Villa,5,251.8,715.5
2028-10-22,27.4,48.3,0.0,Sunday,1,Autumn,Apartment,2,715.5,450.8
2028-10-23,24.0,69.4,0.0,Monday,0,Autumn,Villa,2,450.8,399.2
2028-10-24,33.9,48.9,0.0,Tuesday,0,Autumn,Villa,2,399.2,411.1
2028-10-25,23.9,70.2,0.0,Wednesday,0,Autumn,Villa,3,411.1,535.2
26/10/2028,21.2,67.5,8.7,Thursday,0,Autumn,Villa,5,535.2,754.8
2028-10-27,31.2,32.6,0.0,Friday,0,Autumn,Villa,5,754.8,883.0
2028-10-28,29.0,48.3,0.0,Saturday,1,Autumn,Apartment,4,883.0,672.5
2028-10-29,26.2,56.7,0.0,Sunday,1,Autumn,Apartment,3,672.5,530.2
2028-10-30,26.4,43.4,0.0,Monday,0,Autumn,Apartment,1,530.2,268.9
2028-10-31,35.5,53.5,0.0,Tuesday,0,Autumn,Apartment,2,268.9,348.5
2028-11-01,29.2,46.2,0.0,Wednesday,0,Autumn,Apartment,2,348.5,324.2
2028-11-02,28.4,49.7,0.0,Thursday,0,Autumn,Apartment,4,324.2,528.4
2028-11-03,,35.5,0.0,Friday,0,Autumn,Apartment,4,528.4,589.8
2028-11-04,24.6,64.2,0.0,Saturday,1,Autumn,Villa,6,589.8,935.9
